id,Sex,Length,Diameter,Height,Whole weight,Whole weight.1,Whole weight.2,Shell weight,Rings
0,F,0.55,0.43,0.15,0.7715,0.3285,0.1465,0.24,11
1,F,0.63,0.49,0.145,1.13,0.458,0.2765,0.32,11
2,I,0.16,0.11,0.025,0.021,0.0055,0.003,0.005,6
3,M,0.595,0.475,0.15,0.9145,0.3755,0.2055,0.25,10
4,I,0.555,0.425,0.13,0.782,0.3695,0.16,0.1975,9
5,F,0.61,0.48,0.17,1.201,0.5335,0.3135,0.3085,10
6,M,0.415,0.325,0.11,0.3315,0.1655,0.0715,0.13,9
7,F,0.61,0.49,0.15,1.1165,0.4955,0.2945,0.295,9
8,I,0.205,0.15,0.04,0.046,0.0145,0.0105,0.01,4
9,I,0.565,0.425,0.125,0.651,0.3795,0.142,0.18,8
10,M,0.485,0.39,0.135,0.6335,0.3035,0.165,0.2,8
11,M,0.605,0.5,0.185,1.218,0.5885,0.2705,0.31,11
12,F,0.595,0.475,0.145,0.9085,0.3605,0.1765,0.265,15
13,I,0.44,0.345,0.11,0.4495,0.175,0.0945,0.1365,7
14,I,0.555,0.435,0.145,0.7905,0.3495,0.1815,0.2425,10
15,F,0.59,0.44,0.185,1.0195,0.4005,0.2465,0.265,11
16,I,0.335,0.25,0.09,0.1965,0.096,0.054,0.055,8
17,M,0.675,0.545,0.18,1.633,0.741,0.339,0.485,12
18,I,0.5,0.36,0.105,0.494,0.2385,0.1055,0.13,8
19,M,0.305,0.215,0.1,0.224,0.0865,0.0345,0.07,7
20,I,0.505,0.385,0.125,0.6095,0.2755,0.1435,0.165,8
21,F,0.55,0.44,0.14,0.8785,0.425,0.1685,0.2325,9
22,M,0.57,0.46,0.175,1.3695,0.6,0.268,0.35,10
23,M,0.495,0.385,0.135,0.6765,0.261,0.1375,0.205,10
24,F,0.575,0.435,0.145,0.7955,0.3885,0.1925,0.22,9
25,M,0.58,0.46,0.15,0.8145,0.3935,0.1785,0.246,8
26,I,0.5,0.385,0.135,0.6075,0.2765,0.1245,0.171,8
27,M,0.645,0.525,0.175,1.489,0.5985,0.3315,0.4,20
28,I,0.18,0.11,0.04,0.0315,0.0105,0.0065,0.005,4
29,M,0.58,0.45,0.165,1.0425,0.3745,0.2075,0.455,20
30,I,0.355,0.27,0.08,0.204,0.25,0.046,0.0595,7
31,I,0.495,0.375,0.125,0.5185,0.241,0.1035,0.16,9
32,M,0.47,0.375,0.14,0.5785,0.2185,0.1295,0.185,12
33,I,0.395,0.31,0.09,0.2425,0.1,0.0635,0.088,8
34,I,0.58,0.45,0.14,0.9165,0.3875,0.1615,0.275,10
35,F,0.59,0.46,0.16,0.964,0.419,0.2145,0.265,9
36,M,0.18,0.125,0.04,0.0275,0.011,0.0095,0.008,4
37,F,0.605,0.475,0.175,1.2415,0.5305,0.3065,0.34,17
38,M,0.515,0.39,0.125,0.5175,0.2655,0.096,0.1435,9
39,I,0.36,0.27,0.09,0.1855,0.08,0.0415,0.065,6
40,I,0.29,0.21,0.075,0.1425,0.0565,0.0275,0.04,6
41,I,0.47,0.34,0.105,0.3675,0.143,0.108,0.1,7
42,I,0.385,0.305,0.085,0.252,0.1065,0.055,0.08,7
43,M,0.525,0.39,0.135,0.7835,0.3135,0.1645,0.1845,9
44,M,0.52,0.385,0.14,0.7275,0.343,0.1625,0.19,10
45,I,0.29,0.21,0.075,0.116,0.05,0.036,0.034,6
46,I,0.55,0.43,0.155,0.7165,0.3445,0.1835,0.223,8
47,M,0.635,0.545,0.18,1.3725,0.573,0.3445,0.39,13
48,I,0.515,0.4,0.145,0.7555,0.41,0.1745,0.169,7
49,F,0.58,0.465,0.17,1.2435,0.4475,0.2425,0.38,14
50,I,0.47,0.375,0.12,0.5395,0.2595,0.1165,0.16,9
51,F,0.615,0.47,0.14,1.0595,0.5305,0.236,0.27,9
52,I,0.455,0.345,0.12,0.4425,0.192,0.081,0.13,8
53,M,0.545,0.435,0.155,0.8445,0.3485,0.1955,0.32,13
54,M,0.49,0.395,0.125,0.6605,0.2675,0.1345,0.185,13
55,M,0.505,0.4,0.14,0.7665,0.3345,0.1625,0.169,9
56,F,0.48,0.38,0.105,0.515,0.224,0.132,0.165,10
57,I,0.435,0.345,0.11,0.4155,0.1645,0.091,0.13,9
58,M,0.575,0.45,0.155,0.9335,0.4165,0.1605,0.275,10
59,I,0.33,0.255,0.095,0.1785,0.0655,0.037,0.055,7
60,F,0.63,0.485,0.16,1.2435,0.5635,0.3045,0.3,10
61,F,0.615,0.475,0.13,1.0375,0.3865,0.262,0.33,14
62,M,0.725,0.565,0.205,1.926,0.959,0.38,0.44,11
63,F,0.585,0.46,0.165,0.9705,0.4535,0.2275,0.245,9
64,I,0.295,0.22,0.08,0.121,0.0505,0.029,0.027,5
65,I,0.41,0.32,0.09,0.34,0.192,0.0655,0.082,6
66,M,0.535,0.405,0.14,0.764,0.347,0.1605,0.201,9
67,F,0.55,0.425,0.15,1.0025,0.54,0.1705,0.24,9
68,I,0.525,0.4,0.14,0.7365,0.3055,0.1435,0.21,9
69,M,0.695,0.565,0.235,1.8985,0.797,0.3835,0.4385,10
70,F,0.535,0.42,0.155,0.8705,0.3155,0.2145,0.235,12
71,I,0.485,0.37,0.12,0.547,0.216,0.1085,0.1785,8
72,I,0.475,0.375,0.115,0.501,0.2025,0.1165,0.165,8
73,M,0.68,0.53,0.175,1.5175,0.7765,0.3675,0.405,11
74,I,0.46,0.345,0.11,0.365,0.16,0.0885,0.105,9
75,M,0.655,0.52,0.175,1.5265,0.7365,0.3075,0.3925,11
76,F,0.555,0.43,0.13,0.874,0.3595,0.1725,0.22,9
77,I,0.335,0.25,0.075,0.18,0.0775,0.0335,0.037,5
78,F,0.58,0.49,0.175,1.017,0.4415,0.2365,0.365,13
79,F,0.585,0.53,0.16,1.054,0.3895,0.1905,0.375,23
80,I,0.58,0.45,0.135,0.8115,0.4035,0.1755,0.235,12
81,I,0.53,0.395,0.125,0.6445,0.3155,0.1235,0.185,9
82,I,0.48,0.38,0.125,0.5605,0.248,0.12,0.16,9
83,M,0.165,0.125,0.055,0.011,0.0045,0.005,0.0015,5
84,I,0.29,0.19,0.055,0.0655,0.027,0.0215,0.02,5
85,I,0.45,0.33,0.11,0.393,0.163,0.062,0.111,7
86,M,0.495,0.375,0.115,0.5415,0.2595,0.086,0.1325,7
87,I,0.295,0.22,0.065,0.14,0.0565,0.013,0.035,6
88,I,0.275,0.22,0.07,0.1385,0.056,0.0285,0.0265,5
89,F,0.575,0.47,0.16,1.1255,0.53,0.222,0.29,9
90,M,0.61,0.495,0.19,1.3315,0.5815,0.3025,0.385,12
91,I,0.47,0.355,0.125,0.4935,0.2375,0.11,0.1535,8
92,M,0.51,0.4,0.135,0.7045,0.3525,0.159,0.185,7
93,I,0.17,0.15,0.035,0.021,0.0065,0.0085,0.005,4
94,M,0.645,0.515,0.175,1.58,0.5265,0.336,0.44,12
95,F,0.505,0.405,0.135,0.959,0.2555,0.2245,0.2535,14
96,I,0.42,0.325,0.1,0.366,0.174,0.0825,0.0975,8
97,M,0.625,0.49,0.15,1.1835,0.5785,0.2355,0.2885,9
98,F,0.465,0.355,0.12,0.5225,0.2735,0.0985,0.1575,8
99,F,0.605,0.495,0.19,1.1845,0.469,0.271,0.39,10
100,I,0.48,0.365,0.125,0.5805,0.2465,0.1255,0.16,8
101,I,0.35,0.27,0.085,0.1755,0.078,0.036,0.066,5
102,I,0.34,0.255,0.09,0.1725,0.073,0.0265,0.0635,6
103,F,0.58,0.43,0.155,0.8395,0.3275,0.1835,0.26,13
104,F,0.5,0.4,0.14,0.6605,0.2505,0.12,0.1685,9
105,F,0.49,0.39,0.13,0.5915,0.2065,0.1155,0.18,10
106,M,0.615,0.465,0.15,0.945,0.4455,0.2045,0.29,9
107,I,0.205,0.185,0.055,0.0235,0.0075,0.005,0.01,3
108,I,0.415,0.31,0.1,0.2805,0.1125,0.0575,0.0925,8
109,F,0.6,0.475,0.17,1.2915,0.581,0.2775,0.3765,9
110,I,0.375,0.28,0.095,0.2745,0.1265,0.042,0.067,6
111,I,0.295,0.21,0.075,0.1275,0.0385,0.0185,0.0215,3
112,M,0.565,0.44,0.145,0.9185,0.438,0.1875,0.2965,10
113,F,0.6,0.495,0.18,1.29,0.618,0.27,0.325,12
114,M,0.695,0.525,0.19,1.711,0.8665,0.4095,0.4195,11
115,I,0.25,0.18,0.065,0.0735,0.0235,0.018,0.02,5
116,I,0.29,0.205,0.07,0.106,0.0335,0.0185,0.03,6
117,F,0.58,0.45,0.13,0.8255,0.3795,0.1825,0.22,8
118,I,0.53,0.42,0.135,0.6335,0.2845,0.1315,0.22,9
119,M,0.535,0.43,0.16,0.9685,0.3935,0.178,0.275,10
120,F,0.58,0.45,0.145,0.9765,0.4525,0.1845,0.265,10
121,F,0.6,0.48,0.175,1.2905,0.6235,0.271,0.32,10
122,F,0.585,0.455,0.16,0.97,0.4315,0.2325,0.375,10
123,F,0.66,0.545,0.17,1.6115,0.732,0.3235,0.37,9
124,M,0.54,0.415,0.14,0.8965,0.3175,0.129,0.355,22
125,F,0.45,0.35,0.115,0.4305,0.2025,0.0775,0.115,8
126,I,0.435,0.31,0.11,0.3975,0.1875,0.077,0.105,8
127,I,0.535,0.39,0.14,0.783,0.3735,0.1715,0.195,8
128,M,0.49,0.38,0.125,0.5805,0.2265,0.1325,0.1885,9
129,I,0.485,0.37,0.11,0.5365,0.2855,0.096,0.1325,8
130,F,0.485,0.38,0.135,0.559,0.2265,0.1205,0.1855,8
131,F,0.565,0.45,0.145,0.8915,0.3305,0.1925,0.238,10
132,F,0.55,0.45,0.175,0.9155,0.3465,0.1905,0.26,12
133,F,0.61,0.475,0.175,1.107,0.4605,0.2425,0.31,9
134,I,0.47,0.36,0.1,0.516,0.252,0.124,0.16,8
135,M,0.575,0.47,0.13,0.9555,0.3735,0.185,0.275,13
136,M,0.585,0.46,0.165,1.099,0.4905,0.2145,0.345,10
137,M,0.615,0.475,0.165,1.0425,0.4105,0.2035,0.325,10
138,I,0.53,0.43,0.13,0.6395,0.2945,0.1295,0.2135,8
139,F,0.52,0.415,0.15,0.6435,0.2615,0.148,0.25,12
140,M,0.665,0.505,0.185,1.5275,0.59,0.368,0.38,10
141,M,0.55,0.43,0.125,0.832,0.4025,0.173,0.21,9
142,F,0.575,0.45,0.155,0.938,0.4695,0.1955,0.29,10
143,F,0.575,0.445,0.165,0.9685,0.4005,0.195,0.27,14
144,M,0.6,0.5,0.19,1.2715,0.4805,0.288,0.3755,13
145,F,0.46,0.355,0.12,0.4435,0.165,0.093,0.185,11
146,I,0.45,0.345,0.105,0.4665,0.2485,0.1015,0.115,7
147,F,0.57,0.465,0.155,1.01,0.447,0.2285,0.29,9
148,F,0.55,0.425,0.115,0.745,0.2595,0.183,0.23,13
149,M,0.54,0.42,0.145,0.764,0.3165,0.1495,0.18,9
150,F,0.675,0.53,0.185,1.9485,0.9455,0.3525,0.45,14
151,I,0.335,0.25,0.08,0.1475,0.0655,0.0385,0.05,5
152,F,0.58,0.445,0.14,0.8255,0.3745,0.2195,0.2195,8
153,F,0.585,0.455,0.165,0.998,0.345,0.2325,0.315,17
154,M,0.335,0.285,0.095,0.253,0.11,0.056,0.075,6
155,F,0.42,0.34,0.115,0.406,0.1635,0.0655,0.115,10
156,M,0.635,0.475,0.16,1.0295,0.4655,0.2225,0.32,10
157,F,0.53,0.41,0.135,0.741,0.346,0.1575,0.194,8
158,M,0.56,0.44,0.135,0.9425,0.4235,0.199,0.28,12
159,M,0.595,0.465,0.15,1.153,0.5305,0.247,0.277,9
160,M,0.56,0.44,0.135,0.8115,0.3415,0.1855,0.23,9
161,I,0.47,0.34,0.11,0.4195,0.18,0.0925,0.118,8
162,I,0.455,0.345,0.115,0.4665,0.2025,0.0945,0.1365,9
163,F,0.585,0.46,0.16,1.053,0.5405,0.2195,0.27,9
164,I,0.31,0.225,0.075,0.1255,0.0585,0.028,0.0365,6
165,F,0.535,0.415,0.15,0.873,0.3195,0.1885,0.27,13
166,F,0.545,0.43,0.15,0.832,0.3525,0.179,0.21,8
167,I,0.295,0.21,0.07,0.1075,0.045,0.0275,0.035,5
168,M,0.5,0.385,0.125,0.5765,0.2715,0.112,0.175,8
169,M,0.575,0.45,0.145,0.872,0.4675,0.18,0.217,8
170,M,0.6,0.475,0.19,1.1035,0.4475,0.2815,0.34,14
171,I,0.6,0.48,0.14,0.9175,0.38,0.2225,0.29,9
172,F,0.6,0.475,0.16,1.218,0.5305,0.2975,0.33,11
173,M,0.47,0.375,0.125,0.5015,0.2455,0.1215,0.16,8
174,M,0.575,0.45,0.14,0.906,0.38,0.1325,0.26,14
175,M,0.565,0.45,0.145,0.908,0.3345,0.2,0.29,13
176,M,0.59,0.455,0.145,1.09,0.5305,0.2295,0.315,11
177,F,0.605,0.475,0.17,1.0855,0.469,0.2565,0.3445,10
178,I,0.355,0.27,0.09,0.2365,0.092,0.05,0.065,6
179,I,0.45,0.345,0.085,0.3685,0.1595,0.0795,0.125,8
180,F,0.725,0.575,0.195,1.551,0.7105,0.3685,0.5,11
181,M,0.565,0.44,0.135,0.728,0.302,0.1575,0.26,10
182,I,0.385,0.29,0.095,0.286,0.1305,0.061,0.082,8
183,I,0.295,0.22,0.08,0.1295,0.057,0.0235,0.038,5
184,I,0.45,0.33,0.11,0.4335,0.167,0.0755,0.13,8
185,F,0.58,0.455,0.15,0.9955,0.3965,0.247,0.26,10
186,M,0.565,0.46,0.15,0.9605,0.4415,0.1835,0.2775,9
187,I,0.315,0.25,0.075,0.1405,0.0615,0.027,0.031,6
188,I,0.48,0.36,0.11,0.462,0.2405,0.083,0.1405,8
189,F,0.605,0.495,0.19,1.129,0.4385,0.224,0.36,13
190,I,0.38,0.3,0.09,0.247,0.1225,0.044,0.075,8
191,M,0.56,0.43,0.16,0.8415,0.3965,0.1855,0.2525,11
192,I,0.29,0.215,0.065,0.1275,0.054,0.028,0.035,6
193,M,0.585,0.47,0.155,0.9555,0.3665,0.167,0.275,10
194,M,0.66,0.535,0.18,1.539,0.566,0.2875,0.4085,10
195,I,0.27,0.195,0.065,0.101,0.0485,0.0245,0.036,6
196,M,0.575,0.44,0.155,0.8295,0.3545,0.1715,0.25,11
197,I,0.46,0.345,0.11,0.4385,0.1895,0.07,0.12,8
198,I,0.375,0.295,0.095,0.237,0.1075,0.046,0.08,6
199,F,0.575,0.44,0.14,0.966,0.4555,0.1805,0.22,8
200,I,0.32,0.24,0.09,0.1915,0.096,0.03,0.0325,6
201,M,0.68,0.54,0.185,1.741,0.7665,0.3255,0.4685,11
202,I,0.28,0.21,0.075,0.1145,0.0515,0.0185,0.035,5
203,I,0.445,0.335,0.125,0.384,0.163,0.0835,0.1235,8
204,I,0.27,0.195,0.095,0.1095,0.037,0.031,0.031,7
205,F,0.545,0.405,0.13,0.957,0.4835,0.1825,0.195,9
206,F,0.425,0.325,0.105,0.4335,0.188,0.0915,0.105,9
207,I,0.425,0.325,0.1,0.3555,0.1335,0.0505,0.105,7
208,I,0.465,0.355,0.14,0.4385,0.1685,0.0835,0.14,11
209,F,0.435,0.335,0.1,0.406,0.1655,0.086,0.11,8
210,F,0.53,0.415,0.13,0.6915,0.3165,0.171,0.228,13
211,M,0.695,0.55,0.2,1.7265,0.6725,0.391,0.45,11
212,M,0.645,0.49,0.165,1.383,0.6785,0.2865,0.41,10
213,F,0.575,0.46,0.135,0.92,0.3345,0.2275,0.2505,12
214,M,0.565,0.44,0.135,0.723,0.34,0.142,0.22,9
215,F,0.58,0.445,0.175,1.089,0.4335,0.2745,0.335,10
216,M,0.37,0.275,0.085,0.2485,0.111,0.0465,0.0725,8
217,F,0.575,0.45,0.145,1.0145,0.3865,0.2105,0.25,11
218,F,0.45,0.35,0.11,0.4545,0.2115,0.0945,0.15,8
219,I,0.385,0.29,0.09,0.237,0.1205,0.0485,0.075,7
220,M,0.565,0.455,0.165,0.955,0.3555,0.1935,0.274,11
221,F,0.565,0.445,0.155,0.906,0.3395,0.2035,0.285,12
222,M,0.555,0.425,0.145,0.936,0.336,0.1925,0.34,11
223,F,0.63,0.515,0.19,1.403,0.5145,0.3165,0.47,14
224,M,0.55,0.415,0.14,0.873,0.3695,0.1725,0.245,14
225,I,0.485,0.375,0.12,0.5185,0.2605,0.0985,0.159,9
226,M,0.62,0.475,0.15,0.9065,0.41,0.2075,0.25,9
227,F,0.6,0.475,0.16,1.0465,0.48,0.2195,0.29,9
228,M,0.555,0.445,0.13,0.869,0.3485,0.1715,0.2495,9
229,M,0.605,0.48,0.15,1.1345,0.4335,0.262,0.335,13
230,M,0.53,0.425,0.155,0.7395,0.3165,0.1535,0.27,10
231,M,0.64,0.505,0.175,1.5105,0.75,0.3725,0.3605,11
232,I,0.38,0.3,0.095,0.2615,0.1185,0.0575,0.075,6
233,I,0.315,0.23,0.07,0.144,0.059,0.0375,0.047,7
234,I,0.45,0.35,0.1,0.366,0.1385,0.095,0.109,7
235,I,0.41,0.325,0.1,0.3245,0.132,0.072,0.103,7
236,M,0.58,0.45,0.145,0.953,0.3935,0.2145,0.29,9
237,F,0.575,0.45,0.14,0.867,0.3935,0.1715,0.21,8
238,I,0.44,0.345,0.11,0.4965,0.258,0.1195,0.12,9
239,M,0.57,0.45,0.14,0.974,0.3685,0.2075,0.27,14
240,M,0.71,0.565,0.19,1.938,0.8835,0.4825,0.575,11
241,I,0.365,0.27,0.1,0.2155,0.0915,0.0475,0.085,7
242,I,0.495,0.375,0.135,0.6245,0.3265,0.1295,0.1525,8
243,I,0.255,0.19,0.06,0.086,0.04,0.014,0.025,6
244,I,0.58,0.445,0.14,0.8515,0.334,0.1935,0.251,10
245,F,0.58,0.46,0.155,1.0485,0.5405,0.2445,0.275,9
246,F,0.655,0.52,0.175,1.4435,0.7285,0.3075,0.375,12
247,M,0.535,0.41,0.13,0.7995,0.347,0.1565,0.21,8
248,F,0.64,0.52,0.22,1.3165,0.6765,0.2735,0.445,11
249,F,0.515,0.405,0.13,0.6965,0.3045,0.1815,0.167,10
250,F,0.5,0.39,0.145,0.5635,0.248,0.127,0.155,8
251,F,0.565,0.45,0.165,0.9265,0.3715,0.1725,0.355,14
252,I,0.395,0.295,0.11,0.293,0.14,0.0625,0.092,7
253,F,0.635,0.52,0.18,1.2895,0.4865,0.2985,0.45,17
254,I,0.48,0.355,0.115,0.456,0.21,0.113,0.128,8
255,I,0.505,0.395,0.135,0.549,0.245,0.1175,0.174,9
256,I,0.485,0.375,0.125,0.5135,0.2385,0.1165,0.17,8
257,M,0.47,0.355,0.125,0.475,0.197,0.1075,0.15,9
258,M,0.48,0.385,0.155,0.6335,0.2,0.1275,0.225,12
259,F,0.595,0.48,0.16,1.0475,0.4615,0.2025,0.276,10
260,I,0.38,0.305,0.115,0.284,0.1335,0.0655,0.0935,8
261,M,0.435,0.345,0.11,0.45,0.2475,0.0815,0.125,7
262,I,0.55,0.43,0.155,0.8645,0.419,0.1965,0.2175,9
263,M,0.47,0.375,0.125,0.507,0.232,0.1205,0.16,9
264,F,0.655,0.52,0.18,1.38,0.5115,0.306,0.47,13
265,F,0.66,0.53,0.18,1.3915,0.726,0.302,0.42,10
266,M,0.64,0.515,0.155,1.1955,0.5565,0.2095,0.4,10
267,I,0.25,0.185,0.065,0.074,0.0295,0.014,0.0225,5
268,M,0.66,0.525,0.16,1.2495,0.5675,0.2795,0.3185,10
269,F,0.66,0.505,0.18,1.5515,0.6625,0.3575,0.49,14
270,I,0.565,0.415,0.145,0.681,0.3095,0.126,0.1605,8
271,I,0.52,0.38,0.13,0.524,0.2705,0.0935,0.1575,9
272,F,0.625,0.46,0.165,1.027,0.4755,0.1965,0.2825,9
273,F,0.585,0.45,0.14,0.8145,0.3475,0.1905,0.26,11
274,F,0.5,0.39,0.165,0.8085,0.3395,0.1765,0.255,13
275,I,0.515,0.425,0.135,0.8145,0.4165,0.1435,0.255,9
276,M,0.395,0.3,0.12,0.3485,0.1495,0.086,0.095,9
277,I,0.53,0.405,0.13,0.6385,0.3015,0.1405,0.171,8
278,M,0.575,0.47,0.14,0.963,0.486,0.224,0.2755,9
279,M,0.575,0.465,0.155,1.155,0.5455,0.261,0.3245,9
280,I,0.455,0.35,0.115,0.4475,0.2365,0.0915,0.13,7
281,F,0.58,0.465,0.145,0.9905,0.453,0.242,0.275,11
282,M,0.665,0.525,0.19,1.496,0.6975,0.3725,0.4115,11
283,M,0.52,0.435,0.16,0.872,0.3245,0.2315,0.259,11
284,F,0.565,0.495,0.18,1.185,0.3965,0.2585,0.39,15
285,I,0.605,0.475,0.145,0.9235,0.4145,0.195,0.2705,11
286,I,0.55,0.445,0.15,0.8115,0.3945,0.171,0.24,9
287,M,0.5,0.39,0.125,0.5955,0.2555,0.1265,0.19,8
288,I,0.3,0.215,0.075,0.1115,0.048,0.0205,0.03,6
289,I,0.21,0.15,0.04,0.0265,0.009,0.005,0.0095,4
290,I,0.53,0.415,0.145,0.783,0.2945,0.158,0.245,11
291,M,0.59,0.465,0.165,1.1005,0.506,0.2525,0.295,13
292,I,0.305,0.22,0.07,0.1535,0.074,0.0395,0.035,7
293,F,0.41,0.305,0.105,0.359,0.173,0.0705,0.1175,16
294,M,0.57,0.44,0.14,0.858,0.407,0.1985,0.2245,10
295,M,0.62,0.47,0.17,1.3475,0.4995,0.2565,0.49,12
296,M,0.28,0.21,0.06,0.1045,0.034,0.0285,0.03,5
297,I,0.46,0.355,0.105,0.467,0.19,0.11,0.159,8
298,I,0.36,0.28,0.08,0.1755,0.081,0.0505,0.055,7
299,M,0.61,0.485,0.155,1.053,0.457,0.2365,0.285,8
300,M,0.64,0.495,0.175,1.3205,0.667,0.3115,0.336,9
301,I,0.255,0.19,0.07,0.084,0.0275,0.014,0.0285,4
302,M,0.6,0.465,0.125,1.011,0.3835,0.2065,0.255,15
303,M,0.59,0.5,0.16,1.063,0.414,0.216,0.375,20
304,I,0.37,0.275,0.11,0.2305,0.098,0.045,0.065,7
305,I,0.555,0.425,0.15,0.8685,0.391,0.1625,0.2415,8
306,M,0.625,0.475,0.175,1.247,0.4335,0.2435,0.47,13
307,F,0.44,0.32,0.13,0.4405,0.152,0.0955,0.155,11
308,I,0.275,0.195,0.07,0.0935,0.037,0.0155,0.025,5
309,I,0.33,0.25,0.075,0.1895,0.079,0.0415,0.05,7
310,M,0.545,0.425,0.115,0.639,0.3065,0.1285,0.2,8
311,M,0.5,0.375,0.12,0.6345,0.2935,0.124,0.1615,9
312,I,0.42,0.3,0.09,0.2975,0.1265,0.0585,0.08,7
313,I,0.29,0.23,0.08,0.1385,0.056,0.0235,0.0395,5
314,M,0.595,0.455,0.145,0.9815,0.4615,0.1895,0.26,10
315,I,0.515,0.4,0.135,0.636,0.3035,0.1215,0.1755,8
316,I,0.415,0.325,0.1,0.4665,0.2025,0.1015,0.105,8
317,M,0.44,0.335,0.11,0.3835,0.177,0.073,0.1165,8
318,I,0.325,0.24,0.075,0.152,0.065,0.0305,0.044,6
319,F,0.5,0.375,0.125,0.5745,0.229,0.118,0.17,8
320,I,0.485,0.37,0.115,0.5195,0.216,0.1025,0.131,7
321,F,0.775,0.57,0.205,2.032,0.58,0.4075,0.625,20
322,F,0.695,0.56,0.165,1.74,0.8145,0.3905,0.4375,11
323,F,0.58,0.45,0.15,0.875,0.3335,0.2155,0.1935,10
324,M,0.57,0.42,0.14,0.873,0.4095,0.1625,0.223,8
325,F,0.57,0.44,0.145,0.9525,0.3445,0.1965,0.345,23
326,I,0.37,0.275,0.105,0.197,0.081,0.0425,0.08,9
327,F,0.6,0.495,0.18,1.247,0.4695,0.216,0.505,20
328,F,0.57,0.455,0.19,0.966,0.4445,0.1635,0.25,12
329,I,0.535,0.42,0.15,0.7665,0.347,0.134,0.2065,8
330,F,0.595,0.48,0.16,1.0815,0.5455,0.2225,0.315,9
331,M,0.52,0.4,0.14,0.6955,0.2795,0.161,0.2,10
332,F,0.695,0.56,0.185,1.5395,0.5885,0.3125,0.4675,12
333,M,0.575,0.45,0.17,1.066,0.4635,0.239,0.25,10
334,M,0.57,0.45,0.15,1.186,0.539,0.284,0.3305,10
335,M,0.595,0.465,0.13,0.9165,0.4135,0.1625,0.22,9
336,F,0.505,0.385,0.12,0.7085,0.2985,0.1605,0.1605,9
337,F,0.355,0.27,0.095,0.203,0.076,0.059,0.0635,6
338,M,0.62,0.51,0.175,1.325,0.5845,0.325,0.3,10
339,I,0.525,0.4,0.12,0.6905,0.3335,0.1395,0.1895,8
340,M,0.585,0.44,0.165,0.9555,0.366,0.2425,0.295,12
341,F,0.52,0.41,0.145,0.7145,0.289,0.1765,0.209,8
342,M,0.575,0.455,0.145,0.9745,0.4145,0.2185,0.265,15
343,M,0.6,0.455,0.16,0.8875,0.419,0.1915,0.269,9
344,I,0.31,0.225,0.075,0.12,0.0415,0.03,0.045,5
345,I,0.415,0.305,0.1,0.2815,0.1255,0.065,0.085,7
346,I,0.315,0.23,0.07,0.1375,0.0595,0.0265,0.045,7
347,M,0.295,0.17,0.085,0.1195,0.0475,0.0275,0.021,4
348,I,0.305,0.225,0.07,0.1485,0.056,0.0335,0.045,6
349,I,0.155,0.115,0.025,0.0155,0.0065,0.002,0.005,3
350,I,0.25,0.16,0.055,0.042,0.0305,0.014,0.017,4
351,F,0.595,0.465,0.145,0.9615,0.4545,0.214,0.29,14
352,M,0.7,0.525,0.185,1.5715,0.6935,0.306,0.4505,12
353,I,0.505,0.375,0.125,0.592,0.2635,0.1405,0.17,8
354,M,0.44,0.335,0.11,0.4135,0.1895,0.0935,0.105,9
355,F,0.6,0.47,0.165,1.0735,0.4235,0.2,0.34,10
356,F,0.595,0.475,0.18,1.1215,0.5205,0.2305,0.305,13
357,I,0.35,0.265,0.075,0.1825,0.0785,0.0405,0.05,6
358,M,0.67,0.51,0.17,1.4385,0.6215,0.3365,0.345,11
359,F,0.575,0.435,0.17,1.073,0.4355,0.2235,0.355,15
360,M,0.47,0.355,0.105,0.4415,0.2125,0.1185,0.13,8
361,F,0.65,0.525,0.19,1.4635,0.6275,0.3315,0.46,20
362,F,0.65,0.515,0.175,1.5915,0.724,0.3315,0.3765,10
363,I,0.4,0.315,0.1,0.2875,0.1125,0.063,0.085,7
364,I,0.385,0.315,0.1,0.281,0.106,0.053,0.0965,8
365,I,0.36,0.28,0.09,0.226,0.1175,0.0595,0.055,6
366,F,0.555,0.455,0.15,0.958,0.296,0.175,0.38,12
367,I,0.525,0.43,0.14,0.741,0.2875,0.1535,0.235,18
368,M,0.61,0.44,0.135,0.834,0.3125,0.1825,0.24,8
369,F,0.66,0.485,0.165,1.2495,0.5635,0.3085,0.3395,10
370,I,0.415,0.325,0.1,0.3245,0.132,0.071,0.106,7
371,I,0.365,0.29,0.09,0.257,0.1015,0.055,0.083,6
372,I,0.52,0.395,0.155,0.6445,0.2415,0.1325,0.22,9
373,F,0.66,0.5,0.19,1.523,0.7245,0.3255,0.41,11
374,M,0.44,0.345,0.11,0.3645,0.1285,0.075,0.109,9
375,I,0.21,0.11,0.045,0.045,0.0105,0.005,0.0125,4
376,I,0.415,0.31,0.095,0.2875,0.1245,0.061,0.081,8
377,F,0.625,0.47,0.16,1.2125,0.5885,0.23,0.301,9
378,F,0.52,0.405,0.135,0.6625,0.2475,0.142,0.184,8
379,I,0.28,0.205,0.06,0.1165,0.0415,0.0225,0.0335,5
380,F,0.635,0.48,0.16,0.9955,0.3945,0.272,0.285,12
381,I,0.505,0.385,0.135,0.622,0.2855,0.1315,0.17,9
382,F,0.57,0.43,0.145,0.8745,0.453,0.161,0.26,16
383,M,0.585,0.465,0.145,0.9455,0.3865,0.2185,0.28,14
384,M,0.58,0.45,0.125,0.886,0.41,0.1905,0.235,8
385,F,0.545,0.435,0.16,0.9185,0.3935,0.2285,0.255,11
386,M,0.47,0.35,0.145,0.5325,0.1885,0.12,0.195,19
387,F,0.535,0.41,0.135,0.7365,0.3165,0.1455,0.1895,7
388,M,0.585,0.465,0.145,0.955,0.3935,0.2035,0.2485,11
389,M,0.545,0.42,0.14,0.9265,0.3,0.1895,0.32,13
390,M,0.6,0.455,0.165,1.1345,0.412,0.2165,0.3,16
391,I,0.285,0.21,0.055,0.0925,0.039,0.021,0.031,5
392,I,0.255,0.185,0.08,0.088,0.0365,0.021,0.023,5
393,M,0.645,0.505,0.165,1.4385,0.4865,0.2875,0.45,15
394,I,0.36,0.265,0.09,0.1845,0.0775,0.041,0.055,7
395,I,0.435,0.33,0.1,0.3645,0.1775,0.0725,0.1185,8
396,I,0.27,0.2,0.07,0.1,0.034,0.0185,0.035,6
397,M,0.47,0.35,0.13,0.4625,0.186,0.107,0.145,8
398,I,0.46,0.35,0.11,0.4595,0.1735,0.089,0.14,13
399,M,0.615,0.485,0.155,1.0815,0.5265,0.241,0.27,9
400,I,0.28,0.21,0.08,0.1115,0.049,0.0195,0.0315,7
401,F,0.62,0.485,0.16,1.0395,0.3485,0.2185,0.385,16
402,F,0.53,0.425,0.14,0.7355,0.3065,0.1935,0.2185,9
403,M,0.625,0.515,0.165,1.217,0.667,0.2375,0.3115,9
404,I,0.515,0.435,0.11,0.572,0.237,0.106,0.184,8
405,I,0.275,0.2,0.065,0.095,0.0275,0.0185,0.03,5
406,I,0.42,0.3,0.115,0.335,0.1315,0.0755,0.09,6
407,F,0.66,0.515,0.2,1.369,0.5305,0.26,0.47,12
408,I,0.335,0.245,0.08,0.1575,0.066,0.033,0.044,7
409,F,0.405,0.305,0.105,0.32,0.147,0.0755,0.09,7
410,I,0.35,0.26,0.08,0.1775,0.0735,0.04,0.0575,6
411,I,0.465,0.37,0.125,0.4955,0.2155,0.097,0.1505,9
412,I,0.315,0.235,0.075,0.1315,0.048,0.0355,0.05,9
413,I,0.38,0.3,0.1,0.3025,0.147,0.062,0.0755,7
414,I,0.335,0.235,0.085,0.18,0.079,0.039,0.055,6
415,M,0.545,0.42,0.175,0.9685,0.358,0.1805,0.355,15
416,I,0.39,0.295,0.09,0.3055,0.1625,0.061,0.0865,7
417,I,0.43,0.33,0.1,0.449,0.254,0.087,0.097,8
418,M,0.605,0.49,0.165,1.1885,0.486,0.277,0.394,11
419,F,0.6,0.475,0.18,1.2425,0.5135,0.2565,0.335,14
420,I,0.3,0.23,0.07,0.1445,0.058,0.0265,0.0405,5
421,M,0.66,0.515,0.175,1.3105,0.6605,0.305,0.37,10
422,I,0.475,0.355,0.115,0.4755,0.1865,0.1045,0.15,9
423,I,0.295,0.22,0.08,0.1235,0.0565,0.0275,0.0335,7
424,M,0.625,0.47,0.175,1.4355,0.587,0.297,0.32,9
425,F,0.675,0.545,0.18,1.4985,0.63,0.3525,0.4395,10
426,M,0.635,0.5,0.175,1.2435,0.5235,0.2615,0.3465,10
427,M,0.52,0.405,0.125,0.6295,0.2955,0.1385,0.17,10
428,F,0.62,0.47,0.155,1.122,0.4765,0.2145,0.3095,10
429,I,0.5,0.38,0.135,0.606,0.239,0.1265,0.18,10
430,I,0.56,0.445,0.14,0.858,0.4285,0.2025,0.253,11
431,I,0.535,0.435,0.15,0.8415,0.3435,0.1635,0.295,9
432,M,0.57,0.435,0.15,0.8155,0.3865,0.1955,0.235,10
433,F,0.645,0.51,0.19,1.4095,0.6115,0.314,0.3965,10
434,M,0.63,0.5,0.15,1.0835,0.4815,0.2475,0.33,11
435,I,0.525,0.435,0.125,0.578,0.239,0.1065,0.185,8
436,I,0.47,0.355,0.125,0.4795,0.2055,0.1065,0.145,9
437,F,0.58,0.47,0.155,1.0385,0.4145,0.2345,0.315,19
438,F,0.595,0.475,0.16,1.0565,0.377,0.2315,0.335,13
439,I,0.4,0.3,0.085,0.2805,0.108,0.0655,0.1035,7
440,M,0.71,0.555,0.215,1.933,0.9155,0.44,0.6315,13
441,M,0.585,0.46,0.175,1.0515,0.4025,0.225,0.307,9
442,M,0.495,0.385,0.135,0.7575,0.293,0.1665,0.24,15
443,M,0.59,0.47,0.165,1.013,0.4835,0.2175,0.295,13
444,I,0.565,0.44,0.16,0.8295,0.3645,0.1585,0.25,8
445,I,0.49,0.37,0.135,0.5345,0.2205,0.0925,0.1535,8
446,I,0.18,0.135,0.055,0.0275,0.0125,0.008,0.009,4
447,I,0.385,0.305,0.1,0.262,0.1255,0.0505,0.085,7
448,M,0.515,0.415,0.145,0.6765,0.2595,0.1415,0.27,11
449,M,0.465,0.355,0.12,0.4155,0.18,0.07,0.135,8
450,F,0.57,0.44,0.135,0.832,0.3125,0.1615,0.26,14
451,M,0.49,0.38,0.11,0.474,0.2885,0.12,0.12,8
452,M,0.615,0.475,0.16,1.1025,0.4985,0.2395,0.315,9
453,M,0.675,0.525,0.19,1.6705,0.7295,0.3735,0.435,10
454,M,0.535,0.415,0.155,0.6835,0.3025,0.153,0.245,10
455,F,0.615,0.475,0.19,1.038,0.3615,0.224,0.36,17
456,M,0.625,0.485,0.17,1.137,0.5565,0.2355,0.287,9
457,F,0.565,0.44,0.165,0.998,0.445,0.214,0.2485,9
458,I,0.505,0.405,0.145,0.674,0.2985,0.1245,0.208,10
459,M,0.6,0.42,0.155,0.852,0.32,0.19,0.275,10
460,F,0.575,0.45,0.13,0.8975,0.4375,0.2435,0.295,13
461,F,0.525,0.41,0.13,0.7635,0.3155,0.1655,0.19,9
462,M,0.565,0.45,0.15,0.8285,0.3275,0.1715,0.245,13
463,F,0.44,0.34,0.115,0.407,0.1685,0.083,0.13,9
464,F,0.53,0.425,0.13,0.7775,0.2875,0.2005,0.195,9
465,I,0.385,0.3,0.1,0.2985,0.1385,0.0475,0.08,8
466,I,0.37,0.28,0.095,0.34,0.1625,0.0485,0.08,6
467,F,0.705,0.56,0.205,1.6255,0.6255,0.3255,0.45,12
468,F,0.46,0.34,0.12,0.4195,0.1945,0.1005,0.12,7
469,M,0.635,0.5,0.155,1.36,0.6995,0.3305,0.3435,10
470,I,0.285,0.225,0.055,0.101,0.0415,0.017,0.0335,6
471,M,0.605,0.47,0.15,1.0265,0.5225,0.2565,0.265,9
472,I,0.32,0.245,0.09,0.1515,0.056,0.0385,0.045,6
473,M,0.575,0.475,0.16,0.966,0.4395,0.212,0.274,9
474,I,0.375,0.28,0.095,0.1805,0.0935,0.0345,0.065,6
475,M,0.48,0.365,0.125,0.5305,0.2405,0.097,0.1325,8
476,I,0.325,0.24,0.07,0.1405,0.0595,0.0345,0.05,6
477,I,0.255,0.195,0.055,0.0835,0.0305,0.0185,0.02,4
478,I,0.42,0.32,0.1,0.3795,0.1895,0.0815,0.105,7
479,I,0.535,0.42,0.14,0.7275,0.3125,0.1225,0.215,10
480,F,0.655,0.505,0.175,1.5945,0.693,0.3365,0.385,11
481,F,0.65,0.5,0.17,1.1785,0.532,0.2555,0.33,10
482,M,0.615,0.495,0.18,1.0375,0.4715,0.2275,0.3135,11
483,M,0.595,0.485,0.19,1.085,0.48,0.2155,0.355,15
484,M,0.54,0.415,0.13,0.824,0.3465,0.1735,0.263,9
485,I,0.36,0.275,0.09,0.216,0.083,0.037,0.075,9
486,M,0.425,0.31,0.1,0.342,0.1315,0.086,0.115,8
487,I,0.255,0.205,0.065,0.074,0.0305,0.0165,0.019,7
488,I,0.535,0.4,0.14,0.5965,0.2745,0.1415,0.169,8
489,F,0.71,0.5,0.16,1.5455,0.833,0.3485,0.43,11
490,I,0.545,0.415,0.115,0.7485,0.3315,0.179,0.169,8
491,I,0.56,0.45,0.155,0.9705,0.4315,0.232,0.248,14
492,I,0.32,0.26,0.085,0.213,0.0735,0.045,0.07,7
493,M,0.345,0.27,0.095,0.197,0.078,0.058,0.059,6
494,M,0.53,0.42,0.145,0.6935,0.3325,0.1345,0.205,8
495,M,0.62,0.49,0.17,1.2105,0.5185,0.2555,0.335,10
496,I,0.42,0.325,0.105,0.3645,0.1575,0.08,0.105,10
497,I,0.18,0.125,0.035,0.0155,0.0075,0.0075,0.005,4
498,I,0.485,0.355,0.12,0.468,0.2015,0.112,0.1315,8
499,I,0.545,0.41,0.12,0.663,0.321,0.1235,0.17,8
500,M,0.68,0.53,0.17,1.4465,0.7665,0.2955,0.341,11
501,M,0.585,0.455,0.15,1.0005,0.4265,0.1955,0.315,16
502,F,0.595,0.47,0.165,1.079,0.412,0.2195,0.355,15
503,F,0.43,0.325,0.125,0.3565,0.1685,0.0885,0.12,8
504,F,0.565,0.455,0.135,0.8365,0.3345,0.1685,0.29,12
505,I,0.41,0.315,0.1,0.347,0.1495,0.0775,0.1,7
506,M,0.66,0.505,0.18,1.4065,0.7255,0.3285,0.3745,11
507,F,0.495,0.38,0.115,0.51,0.2555,0.1305,0.165,10
508,I,0.375,0.285,0.09,0.3185,0.1235,0.0635,0.085,7
509,F,0.56,0.43,0.165,0.8605,0.312,0.167,0.21,15
510,M,0.565,0.455,0.17,0.957,0.3535,0.2175,0.295,11
511,I,0.435,0.33,0.11,0.4385,0.2025,0.1015,0.11,9
512,I,0.44,0.335,0.11,0.335,0.157,0.058,0.1135,8
513,I,0.555,0.41,0.125,0.7335,0.3915,0.155,0.2095,8
514,I,0.515,0.4,0.13,0.612,0.3095,0.157,0.1805,9
515,I,0.575,0.445,0.135,0.873,0.4255,0.1625,0.2,9
516,M,0.525,0.41,0.135,0.6855,0.288,0.1415,0.216,10
517,M,0.605,0.475,0.15,1.0405,0.419,0.2685,0.2885,11
518,I,0.235,0.165,0.055,0.0725,0.0265,0.0185,0.02,5
519,I,0.57,0.45,0.155,0.8615,0.342,0.1545,0.275,10
520,I,0.255,0.205,0.07,0.104,0.0415,0.0215,0.031,6
521,F,0.625,0.41,0.14,1.1145,0.5595,0.241,0.22,9
522,F,0.65,0.515,0.18,1.4875,0.667,0.3215,0.41,10
523,F,0.515,0.4,0.135,0.717,0.31,0.13,0.17,12
524,I,0.555,0.435,0.135,0.7835,0.4265,0.1835,0.24,9
525,I,0.375,0.28,0.09,0.2745,0.1185,0.0575,0.075,7
526,I,0.36,0.255,0.085,0.196,0.0865,0.059,0.0395,8
527,I,0.255,0.215,0.075,0.134,0.0445,0.0225,0.025,5
528,M,0.37,0.275,0.1,0.2405,0.0845,0.0545,0.085,11
529,I,0.405,0.31,0.1,0.306,0.1525,0.0615,0.084,8
530,I,0.465,0.37,0.13,0.6355,0.3165,0.098,0.184,9
531,M,0.685,0.535,0.19,1.5595,0.741,0.35,0.4535,12
532,I,0.52,0.4,0.125,0.658,0.32,0.1205,0.1745,8
533,F,0.645,0.525,0.175,1.3305,0.6405,0.3285,0.39,10
534,I,0.62,0.46,0.13,1.081,0.48,0.2555,0.24,9
535,F,0.585,0.46,0.175,1.0385,0.4635,0.221,0.3055,9
536,F,0.49,0.4,0.12,0.5755,0.1915,0.144,0.17,12
537,M,0.415,0.31,0.115,0.2985,0.118,0.0625,0.1,7
538,F,0.535,0.405,0.15,0.8415,0.27,0.1585,0.27,12
539,I,0.24,0.135,0.055,0.0265,0.0215,0.0095,0.01,5
540,M,0.59,0.46,0.14,0.9885,0.4245,0.1825,0.273,10
541,M,0.53,0.42,0.14,0.6765,0.29,0.1455,0.18,8
542,I,0.5,0.385,0.13,0.5815,0.2775,0.1245,0.1525,8
543,F,0.59,0.465,0.15,1.0425,0.465,0.2175,0.28,10
544,I,0.525,0.425,0.15,0.9685,0.4265,0.1805,0.2405,9
545,F,0.605,0.475,0.175,1.218,0.5135,0.2495,0.3545,10
546,F,0.535,0.42,0.13,0.6855,0.293,0.1565,0.2035,9
547,F,0.5,0.41,0.135,0.662,0.2815,0.137,0.22,10
548,M,0.65,0.52,0.175,1.36,0.664,0.339,0.44,12
549,I,0.465,0.36,0.11,0.4915,0.233,0.1065,0.1065,7
550,M,0.685,0.525,0.165,1.57,0.6425,0.3835,0.4435,11
551,I,0.525,0.4,0.14,0.6655,0.2805,0.145,0.19,8
552,F,0.46,0.355,0.105,0.4255,0.2015,0.091,0.13,9
553,I,0.325,0.205,0.06,0.106,0.0575,0.0215,0.025,6
554,I,0.425,0.33,0.095,0.3905,0.143,0.0625,0.103,7
555,M,0.56,0.45,0.15,0.8395,0.3795,0.196,0.265,10
556,I,0.395,0.295,0.095,0.308,0.1365,0.058,0.09,6
557,M,0.575,0.425,0.135,0.814,0.3775,0.1915,0.25,8
558,F,0.565,0.44,0.16,0.8805,0.3155,0.1735,0.24,16
559,M,0.59,0.42,0.145,0.857,0.3665,0.1505,0.269,8
560,I,0.42,0.325,0.12,0.3245,0.1365,0.0755,0.11,8
561,F,0.625,0.49,0.175,1.206,0.5115,0.259,0.285,9
562,M,0.505,0.4,0.135,0.6125,0.2985,0.1325,0.175,9
563,I,0.475,0.37,0.11,0.433,0.2125,0.0775,0.145,8
564,I,0.485,0.39,0.125,0.559,0.243,0.102,0.195,13
565,F,0.545,0.415,0.145,0.7745,0.298,0.148,0.25,15
566,I,0.475,0.35,0.12,0.4385,0.1895,0.0925,0.13,8
567,M,0.625,0.495,0.16,1.1045,0.5175,0.273,0.305,9
568,I,0.52,0.4,0.145,0.6835,0.271,0.1555,0.22,13
569,I,0.425,0.325,0.1,0.3595,0.15,0.0735,0.09,7
570,I,0.565,0.44,0.125,0.7665,0.347,0.1385,0.202,8
571,I,0.37,0.275,0.095,0.2295,0.0885,0.0445,0.075,7
572,M,0.66,0.53,0.19,1.6305,0.6645,0.314,0.4385,10
573,I,0.435,0.335,0.11,0.379,0.1655,0.081,0.13,9
574,M,0.555,0.44,0.135,0.8115,0.4025,0.1705,0.2315,9
575,I,0.485,0.365,0.115,0.594,0.3045,0.0945,0.13,8
576,F,0.625,0.515,0.185,1.352,0.488,0.2445,0.45,21
577,M,0.53,0.42,0.145,0.9365,0.3725,0.195,0.275,15
578,I,0.165,0.1,0.045,0.0385,0.01,0.005,0.0065,5
579,M,0.56,0.42,0.135,0.77,0.372,0.1565,0.218,9
580,F,0.58,0.46,0.16,1.1115,0.5235,0.2475,0.27,9
581,M,0.4,0.3,0.115,0.3045,0.1315,0.0735,0.095,6
582,F,0.665,0.53,0.17,1.5985,0.7285,0.3735,0.4115,8
583,F,0.645,0.485,0.19,1.3,0.4335,0.262,0.51,18
584,I,0.425,0.31,0.095,0.317,0.153,0.048,0.0935,8
585,I,0.465,0.35,0.105,0.458,0.229,0.0945,0.11,8
586,I,0.38,0.275,0.115,0.2225,0.096,0.0475,0.0765,9
587,M,0.575,0.43,0.14,0.844,0.4015,0.2155,0.213,10
588,M,0.58,0.455,0.165,1.142,0.483,0.225,0.3815,10
589,F,0.61,0.475,0.17,1.2415,0.6195,0.2635,0.3185,10
590,M,0.54,0.42,0.165,0.8345,0.3885,0.174,0.235,9
591,I,0.46,0.36,0.125,0.4645,0.1955,0.1035,0.115,9
592,I,0.535,0.435,0.145,0.6765,0.2845,0.1535,0.2185,10
593,I,0.25,0.19,0.06,0.082,0.0465,0.024,0.03,7
594,I,0.36,0.265,0.095,0.219,0.096,0.0485,0.07,8
595,I,0.375,0.305,0.08,0.282,0.1405,0.0625,0.08,8
596,M,0.67,0.535,0.2,1.7395,0.5985,0.398,0.42,10
597,M,0.62,0.48,0.125,1.0375,0.3885,0.2105,0.325,14
598,M,0.485,0.39,0.13,0.5705,0.2025,0.1635,0.18,12
599,M,0.38,0.285,0.1,0.228,0.1075,0.051,0.075,8
600,I,0.465,0.36,0.135,0.5185,0.2025,0.1265,0.165,12
601,F,0.655,0.52,0.165,1.3445,0.539,0.2325,0.38,10
602,M,0.535,0.435,0.145,0.732,0.2695,0.131,0.26,10
603,M,0.575,0.45,0.145,1.0035,0.4575,0.2485,0.265,10
604,M,0.6,0.48,0.15,1.122,0.4935,0.2195,0.32,10
605,I,0.52,0.395,0.125,0.5585,0.26,0.1065,0.162,8
606,M,0.535,0.415,0.145,0.8605,0.3155,0.2155,0.28,13
607,I,0.545,0.405,0.15,0.7455,0.3135,0.1735,0.22,12
608,I,0.465,0.355,0.105,0.4415,0.2165,0.1035,0.155,8
609,F,0.55,0.435,0.13,0.8395,0.3155,0.2225,0.2405,11
610,I,0.315,0.23,0.07,0.131,0.0695,0.038,0.03,8
611,M,0.475,0.375,0.105,0.547,0.2165,0.1385,0.165,10
612,M,0.735,0.565,0.23,2.033,0.751,0.4255,0.6585,12
613,F,0.53,0.43,0.18,0.7155,0.3165,0.176,0.24,15
614,M,0.64,0.5,0.155,1.229,0.5985,0.2225,0.32,11
615,F,0.565,0.43,0.165,0.8465,0.302,0.1715,0.275,14
616,I,0.525,0.415,0.13,0.567,0.288,0.132,0.1825,9
617,I,0.46,0.34,0.12,0.4965,0.1885,0.1125,0.135,10
618,I,0.555,0.43,0.15,0.9085,0.4275,0.1315,0.2165,8
619,F,0.49,0.38,0.13,0.6075,0.2955,0.1405,0.1595,7
620,F,0.585,0.455,0.175,1.09,0.425,0.227,0.305,14
621,F,0.56,0.445,0.125,0.8265,0.321,0.166,0.275,15
622,F,0.67,0.525,0.175,1.489,0.711,0.3045,0.4115,11
623,I,0.51,0.4,0.135,0.6595,0.2895,0.142,0.169,7
624,M,0.57,0.45,0.18,1.1,0.434,0.2475,0.4,19
625,M,0.505,0.39,0.135,0.5965,0.3105,0.13,0.1525,8
626,I,0.515,0.425,0.125,0.6115,0.245,0.1355,0.19,9
627,F,0.47,0.375,0.115,0.4555,0.2085,0.133,0.126,9
628,I,0.35,0.265,0.09,0.1775,0.074,0.0345,0.065,6
629,I,0.275,0.2,0.065,0.096,0.0415,0.0265,0.035,6
630,M,0.58,0.465,0.155,0.9895,0.4235,0.2,0.28,8
631,F,0.57,0.445,0.155,0.977,0.4345,0.1965,0.285,9
632,M,0.58,0.445,0.135,0.98,0.4495,0.2165,0.28,11
633,M,0.595,0.455,0.16,0.9175,0.3615,0.2105,0.275,10
634,M,0.575,0.445,0.15,0.983,0.4985,0.23,0.2465,8
635,F,0.485,0.365,0.115,0.5885,0.2385,0.121,0.1535,9
636,M,0.5,0.385,0.145,0.741,0.2405,0.146,0.22,17
637,F,0.595,0.49,0.165,1.0835,0.416,0.2625,0.375,12
638,I,0.575,0.455,0.125,0.8605,0.4035,0.1725,0.223,8
639,M,0.635,0.48,0.17,1.13,0.5775,0.2385,0.305,10
640,I,0.52,0.41,0.14,0.7365,0.325,0.16,0.1965,8
641,M,0.615,0.475,0.175,1.0485,0.4545,0.2455,0.27,9
642,M,0.62,0.49,0.17,1.0105,0.491,0.212,0.324,11
643,F,0.615,0.47,0.16,1.1155,0.5705,0.2415,0.317,9
644,F,0.585,0.465,0.15,0.906,0.4095,0.207,0.259,9
645,F,0.52,0.425,0.17,0.836,0.2855,0.2145,0.285,13
646,I,0.385,0.28,0.08,0.271,0.098,0.0595,0.0805,6
647,F,0.585,0.455,0.155,1.099,0.4695,0.2285,0.305,12
648,M,0.575,0.45,0.145,1.0135,0.419,0.2355,0.33,10
649,M,0.705,0.57,0.225,2.555,0.8155,0.3115,0.56,13
650,F,0.51,0.41,0.15,0.6835,0.262,0.1365,0.2155,10
651,I,0.435,0.325,0.09,0.3245,0.109,0.0345,0.06,5
652,M,0.335,0.255,0.105,0.183,0.0935,0.0335,0.06,8
653,I,0.53,0.4,0.13,0.651,0.3235,0.1325,0.18,8
654,M,0.715,0.555,0.185,1.787,0.8605,0.3615,0.405,13
655,F,0.72,0.575,0.21,1.9335,0.926,0.4575,0.4525,11
656,F,0.595,0.47,0.165,1.0385,0.414,0.231,0.34,10
657,I,0.37,0.275,0.1,0.2775,0.1155,0.0565,0.09,7
658,F,0.51,0.385,0.135,0.632,0.282,0.1315,0.17,9
659,F,0.58,0.455,0.135,0.9175,0.3965,0.182,0.26,9
660,F,0.545,0.42,0.155,0.857,0.38,0.1825,0.22,11
661,F,0.545,0.43,0.155,0.7355,0.3125,0.1535,0.24,12
662,I,0.41,0.325,0.1,0.3745,0.173,0.0855,0.105,7
663,M,0.445,0.335,0.14,0.4425,0.1905,0.083,0.119,7
664,F,0.59,0.455,0.15,1.034,0.4335,0.2445,0.292,10
665,I,0.44,0.335,0.12,0.4155,0.198,0.0835,0.107,6
666,F,0.585,0.45,0.145,0.997,0.4035,0.205,0.305,13
667,M,0.6,0.47,0.155,0.9355,0.4355,0.2105,0.265,10
668,I,0.52,0.38,0.14,0.547,0.246,0.128,0.169,8
669,M,0.615,0.475,0.175,1.0805,0.5175,0.2395,0.275,9
670,F,0.72,0.55,0.21,2.069,0.9205,0.385,0.601,12
671,F,0.58,0.44,0.125,0.72,0.3265,0.1715,0.22,11
672,F,0.45,0.36,0.115,0.479,0.2105,0.1045,0.1345,6
673,I,0.35,0.265,0.09,0.192,0.0945,0.041,0.063,7
674,F,0.655,0.53,0.19,1.33,0.4715,0.258,0.405,15
675,F,0.66,0.525,0.18,1.494,0.7285,0.3485,0.5085,11
676,I,0.52,0.395,0.11,0.5555,0.2375,0.074,0.1765,9
677,I,0.415,0.3,0.09,0.3325,0.1555,0.0755,0.095,9
678,I,0.565,0.45,0.13,1.1345,0.3595,0.2495,0.37,16
679,M,0.625,0.475,0.155,1.1575,0.575,0.207,0.274,12
680,F,0.675,0.5,0.17,1.4095,0.6145,0.3195,0.345,12
681,M,0.575,0.45,0.165,1.098,0.4765,0.207,0.274,10
682,F,0.475,0.36,0.1,0.4775,0.2345,0.1145,0.12,8
683,F,0.585,0.455,0.18,1.1155,0.5565,0.2225,0.3085,9
684,I,0.44,0.34,0.125,0.494,0.1725,0.096,0.1395,8
685,I,0.435,0.325,0.125,0.4155,0.1575,0.0935,0.1245,9
686,F,0.63,0.485,0.2,1.3765,0.44,0.3095,0.49,17
687,I,0.465,0.36,0.105,0.498,0.2385,0.099,0.1185,8
688,M,0.565,0.44,0.16,0.938,0.3685,0.1645,0.3,12
689,I,0.48,0.37,0.125,0.474,0.1785,0.1065,0.16,9
690,M,0.645,0.525,0.225,1.3685,0.5455,0.3065,0.39,15
691,M,0.64,0.51,0.17,1.5255,0.675,0.3595,0.3645,11
692,I,0.465,0.355,0.115,0.4055,0.1665,0.063,0.1325,9
693,F,0.525,0.405,0.12,0.6355,0.3,0.133,0.1845,9
694,I,0.55,0.435,0.14,0.6385,0.2945,0.1405,0.171,8
695,I,0.27,0.205,0.07,0.1105,0.036,0.0265,0.035,6
696,M,0.645,0.53,0.175,1.4545,0.732,0.3095,0.386,10
697,I,0.32,0.24,0.085,0.1785,0.078,0.0345,0.05,6
698,M,0.515,0.4,0.13,0.6275,0.245,0.1255,0.17,9
699,I,0.475,0.375,0.13,0.547,0.2175,0.1075,0.1325,8
700,F,0.525,0.41,0.13,0.7485,0.3345,0.1455,0.212,12
701,F,0.67,0.525,0.185,1.6395,0.5985,0.3585,0.455,17
702,M,0.565,0.44,0.155,0.8395,0.3155,0.1965,0.2405,13
703,I,0.3,0.22,0.085,0.1285,0.05,0.037,0.035,5
704,F,0.745,0.57,0.205,1.913,0.913,0.4075,0.515,10
705,M,0.56,0.46,0.16,0.922,0.432,0.178,0.26,8
706,I,0.555,0.435,0.14,0.7495,0.3085,0.1345,0.2215,10
707,M,0.6,0.46,0.165,1.073,0.4768,0.2275,0.275,10
708,I,0.46,0.375,0.13,0.474,0.191,0.1095,0.155,7
709,F,0.575,0.465,0.15,1.0405,0.556,0.2225,0.25,9
710,F,0.665,0.5,0.175,1.3875,0.702,0.3035,0.332,9
711,F,0.5,0.395,0.14,0.6895,0.3245,0.1415,0.2185,9
712,M,0.57,0.47,0.155,0.959,0.447,0.2435,0.2715,9
713,M,0.58,0.455,0.14,0.927,0.3925,0.1775,0.275,8
714,M,0.72,0.565,0.18,1.626,0.5935,0.318,0.4395,11
715,M,0.585,0.445,0.155,0.8625,0.362,0.1565,0.253,10
716,I,0.375,0.28,0.1,0.279,0.1185,0.059,0.0825,7
717,F,0.68,0.525,0.185,1.8795,0.931,0.3935,0.4265,11
718,F,0.61,0.48,0.145,1.0315,0.4825,0.24,0.276,9
719,F,0.53,0.4,0.12,0.651,0.269,0.131,0.21,9
720,F,0.535,0.42,0.165,0.8165,0.3125,0.1905,0.25,13
721,I,0.525,0.38,0.115,0.5205,0.2585,0.1185,0.1645,8
722,M,0.51,0.39,0.135,0.7155,0.3165,0.1435,0.2075,9
723,I,0.33,0.245,0.08,0.1585,0.0575,0.037,0.055,7
724,I,0.395,0.29,0.1,0.271,0.138,0.0585,0.079,7
725,F,0.505,0.4,0.15,0.646,0.285,0.142,0.19,8
726,I,0.37,0.275,0.09,0.2295,0.097,0.0495,0.0745,7
727,M,0.615,0.475,0.16,1.1075,0.519,0.25,0.31,10
728,F,0.645,0.5,0.175,1.496,0.5715,0.337,0.475,19
729,F,0.485,0.355,0.1,0.4775,0.2235,0.1105,0.148,7
730,F,0.61,0.495,0.15,1.0915,0.4865,0.2165,0.2965,9
731,M,0.54,0.42,0.14,0.8295,0.3365,0.156,0.245,13
732,F,0.555,0.445,0.14,0.945,0.407,0.1765,0.275,10
733,I,0.345,0.255,0.1,0.197,0.0665,0.057,0.065,7
734,I,0.36,0.265,0.08,0.17,0.076,0.0365,0.063,6
735,M,0.585,0.45,0.16,0.886,0.3315,0.232,0.265,10
736,I,0.41,0.315,0.105,0.365,0.1645,0.0705,0.104,6
737,I,0.57,0.44,0.14,0.7665,0.3245,0.1705,0.221,8
738,M,0.585,0.465,0.16,0.9945,0.3165,0.2245,0.33,23
739,I,0.25,0.185,0.065,0.0685,0.0295,0.0215,0.02,6
740,I,0.275,0.21,0.075,0.1055,0.038,0.031,0.04,8
741,I,0.435,0.335,0.11,0.3685,0.1645,0.0825,0.12,8
742,F,0.46,0.35,0.12,0.49,0.19,0.1155,0.135,9
743,M,0.42,0.325,0.11,0.4195,0.1925,0.0865,0.1185,7
744,F,0.535,0.4,0.13,0.8045,0.3325,0.1735,0.285,13
745,I,0.27,0.19,0.06,0.1125,0.0285,0.0155,0.03,5
746,I,0.535,0.4,0.125,0.7365,0.3275,0.18,0.172,9
747,I,0.575,0.45,0.15,0.812,0.3715,0.2105,0.23,8
748,M,0.62,0.505,0.165,1.307,0.4335,0.262,0.52,13
749,I,0.55,0.415,0.135,0.636,0.2635,0.1415,0.1765,9
750,F,0.605,0.475,0.16,1.1005,0.5195,0.2635,0.295,15
751,I,0.305,0.215,0.075,0.1135,0.0465,0.0385,0.031,6
752,I,0.51,0.4,0.13,0.6345,0.305,0.1415,0.19,8
753,F,0.44,0.345,0.105,0.495,0.206,0.1325,0.135,8
754,M,0.575,0.46,0.145,0.99,0.4755,0.2095,0.265,8
755,I,0.295,0.23,0.09,0.2075,0.089,0.0425,0.053,6
756,F,0.58,0.45,0.135,0.7855,0.3595,0.1725,0.2025,9
757,M,0.605,0.475,0.145,1.0615,0.4895,0.2155,0.29,11
758,M,0.535,0.415,0.17,1.044,0.4325,0.2155,0.2,13
759,M,0.59,0.46,0.145,0.927,0.2985,0.1985,0.315,15
760,I,0.505,0.405,0.145,0.7155,0.3445,0.1455,0.23,9
761,F,0.515,0.4,0.135,0.8015,0.3475,0.1815,0.21,13
762,M,0.415,0.325,0.1,0.3295,0.129,0.07,0.1085,8
763,I,0.59,0.435,0.16,0.958,0.4365,0.197,0.275,11
764,I,0.505,0.39,0.13,0.608,0.2905,0.1465,0.1725,11
765,F,0.575,0.47,0.145,0.8375,0.2745,0.1735,0.33,16
766,F,0.58,0.46,0.19,1.3905,0.6925,0.291,0.4,12
767,M,0.545,0.42,0.145,1.0115,0.4775,0.2275,0.265,12
768,I,0.42,0.325,0.1,0.358,0.1675,0.065,0.105,8
769,M,0.58,0.475,0.15,1.1115,0.385,0.2455,0.3445,10
770,F,0.575,0.45,0.145,0.844,0.3325,0.1815,0.24,10
771,M,0.57,0.44,0.145,1.017,0.4435,0.2225,0.2365,9
772,M,0.45,0.34,0.1,0.435,0.1895,0.089,0.1195,8
773,I,0.57,0.45,0.15,0.838,0.3685,0.196,0.2485,11
774,I,0.41,0.315,0.09,0.279,0.126,0.0575,0.08,8
775,F,0.53,0.41,0.155,0.6985,0.346,0.1525,0.215,10
776,M,0.49,0.375,0.13,0.5105,0.192,0.1045,0.205,9
777,I,0.44,0.345,0.11,0.411,0.222,0.092,0.109,7
778,M,0.57,0.45,0.135,0.827,0.3395,0.1765,0.24,10
779,I,0.28,0.205,0.07,0.1045,0.0415,0.022,0.035,7
780,I,0.315,0.23,0.075,0.1735,0.0775,0.0335,0.04,5
781,F,0.58,0.46,0.16,0.9975,0.5735,0.191,0.218,10
782,I,0.495,0.38,0.115,0.5805,0.2455,0.096,0.15,8
783,F,0.645,0.48,0.2,1.1785,0.5235,0.2325,0.44,11
784,F,0.615,0.475,0.15,1.0605,0.5065,0.2425,0.26,9
785,I,0.475,0.35,0.135,0.521,0.25,0.096,0.1405,7
786,M,0.445,0.33,0.105,0.447,0.1715,0.0955,0.09,7
787,F,0.58,0.44,0.145,0.837,0.4075,0.179,0.2235,9
788,I,0.525,0.4,0.14,0.7665,0.3485,0.1635,0.196,8
789,I,0.305,0.225,0.075,0.1485,0.0585,0.0335,0.0425,7
790,I,0.37,0.275,0.085,0.18,0.081,0.0415,0.065,6
791,M,0.555,0.435,0.17,0.906,0.3445,0.152,0.35,11
792,I,0.37,0.275,0.085,0.258,0.1185,0.042,0.061,5
793,M,0.58,0.465,0.15,1.0465,0.5205,0.236,0.285,9
794,M,0.57,0.445,0.155,0.9125,0.4095,0.271,0.35,9
795,I,0.37,0.28,0.105,0.218,0.093,0.0395,0.09,8
796,F,0.67,0.53,0.195,1.39,0.6645,0.3055,0.4305,11
797,I,0.55,0.44,0.145,0.7715,0.2815,0.1225,0.25,13
798,I,0.275,0.2,0.065,0.097,0.038,0.0265,0.035,4
799,I,0.47,0.36,0.12,0.494,0.215,0.1075,0.15,9
800,I,0.185,0.125,0.025,0.028,0.0095,0.0065,0.009,4
801,F,0.655,0.465,0.15,1.2525,0.5695,0.2655,0.358,10
802,M,0.515,0.4,0.125,0.6325,0.336,0.1495,0.135,8
803,M,0.535,0.435,0.155,0.7225,0.3395,0.1575,0.245,9
804,I,0.375,0.28,0.08,0.2165,0.0925,0.038,0.07,7
805,I,0.55,0.405,0.13,0.6275,0.3015,0.126,0.19,8
806,I,0.335,0.23,0.075,0.196,0.075,0.0355,0.036,6
807,I,0.31,0.23,0.065,0.1195,0.0585,0.0185,0.039,6
808,I,0.435,0.33,0.1,0.4035,0.164,0.0825,0.105,6
809,M,0.5,0.385,0.125,0.6125,0.3015,0.1265,0.185,9
810,I,0.585,0.46,0.155,0.9885,0.4145,0.176,0.345,10
811,I,0.47,0.35,0.12,0.494,0.1945,0.086,0.1325,8
812,M,0.5,0.425,0.15,0.592,0.2425,0.1215,0.195,9
813,F,0.66,0.53,0.195,1.4415,0.6675,0.3315,0.3725,11
814,F,0.595,0.475,0.145,0.9815,0.4315,0.2195,0.28,10
815,I,0.62,0.48,0.16,1.0915,0.4935,0.1815,0.3045,10
816,M,0.59,0.5,0.175,1.187,0.4845,0.2705,0.3465,10
817,F,0.575,0.48,0.16,0.985,0.3695,0.2185,0.29,13
818,F,0.58,0.46,0.155,1.081,0.4,0.221,0.355,17
819,I,0.36,0.265,0.085,0.1765,0.094,0.061,0.075,9
820,I,0.5,0.375,0.125,0.6395,0.259,0.134,0.173,8
821,I,0.41,0.325,0.095,0.3685,0.1695,0.0785,0.115,9
822,F,0.44,0.35,0.11,0.4555,0.1945,0.092,0.13,12
823,I,0.39,0.3,0.11,0.3055,0.13,0.0635,0.095,7
824,M,0.595,0.5,0.195,1.2135,0.4205,0.271,0.36,13
825,F,0.655,0.515,0.165,1.4455,0.6345,0.3315,0.3595,10
826,I,0.315,0.23,0.075,0.1295,0.0545,0.0265,0.04,5
827,M,0.575,0.45,0.15,0.857,0.3795,0.1755,0.23,9
828,M,0.525,0.4,0.14,0.7365,0.3045,0.159,0.195,9
829,I,0.275,0.19,0.085,0.097,0.025,0.015,0.032,5
830,I,0.315,0.235,0.075,0.1295,0.0445,0.0115,0.05,7
831,I,0.52,0.4,0.135,0.6765,0.2945,0.1225,0.18,8
832,I,0.28,0.205,0.08,0.127,0.052,0.0345,0.042,10
833,I,0.545,0.41,0.125,0.7165,0.3495,0.1725,0.1825,8
834,M,0.6,0.44,0.13,0.826,0.4685,0.1415,0.25,9
835,F,0.495,0.38,0.15,0.8085,0.1525,0.1755,0.25,11
836,F,0.575,0.45,0.14,0.872,0.3475,0.1765,0.295,20
837,M,0.595,0.47,0.155,1.3305,0.783,0.2255,0.2865,11
838,M,0.34,0.25,0.095,0.1605,0.0715,0.0335,0.055,7
839,I,0.595,0.445,0.15,0.7955,0.3375,0.1975,0.285,13
840,I,0.415,0.32,0.13,0.3645,0.175,0.0705,0.105,8
841,M,0.625,0.485,0.165,1.1875,0.5375,0.3195,0.33,11
842,I,0.475,0.36,0.12,0.5205,0.2555,0.1265,0.15,8
843,F,0.62,0.48,0.15,1.2255,0.594,0.256,0.27,9
844,I,0.595,0.48,0.185,1.217,0.532,0.2725,0.34,15
845,I,0.515,0.4,0.14,0.6355,0.2895,0.1395,0.18,8
846,I,0.33,0.23,0.09,0.156,0.063,0.0265,0.04,5
847,I,0.475,0.355,0.105,0.5885,0.2505,0.1405,0.165,8
848,F,0.52,0.4,0.135,0.6765,0.256,0.126,0.21,10
849,F,0.54,0.425,0.12,0.8825,0.419,0.1645,0.245,11
850,M,0.47,0.375,0.115,0.5125,0.3025,0.097,0.144,8
851,M,0.605,0.455,0.145,0.906,0.3875,0.16,0.315,13
852,M,0.6,0.47,0.145,1.107,0.4955,0.2315,0.29,10
853,M,0.61,0.465,0.165,1.3435,0.5795,0.3195,0.355,11
854,I,0.45,0.33,0.11,0.4405,0.1525,0.0935,0.1215,7
855,M,0.595,0.465,0.155,1.053,0.4335,0.27,0.277,10
856,I,0.5,0.4,0.135,0.5795,0.2665,0.1165,0.1715,9
857,M,0.63,0.49,0.15,1.1665,0.5605,0.281,0.289,9
858,I,0.275,0.2,0.075,0.1185,0.0595,0.0205,0.03,6
859,F,0.655,0.485,0.175,1.463,0.6895,0.35,0.405,11
860,M,0.695,0.525,0.185,1.8275,0.885,0.4095,0.499,11
861,I,0.25,0.19,0.065,0.0865,0.0345,0.022,0.03,7
862,M,0.58,0.45,0.15,0.927,0.276,0.1815,0.265,11
863,M,0.64,0.5,0.185,1.33,0.657,0.288,0.33,9
864,F,0.49,0.39,0.125,0.4765,0.208,0.09,0.2,12
865,F,0.565,0.445,0.135,0.7435,0.275,0.1805,0.205,11
866,I,0.425,0.34,0.1,0.3245,0.1405,0.0735,0.1025,7
867,M,0.425,0.325,0.11,0.3085,0.1355,0.062,0.135,9
868,I,0.47,0.37,0.125,0.4365,0.169,0.1035,0.165,9
869,I,0.46,0.36,0.11,0.4965,0.2205,0.0745,0.1325,8
870,I,0.515,0.395,0.13,0.7305,0.341,0.1495,0.1695,6
871,I,0.34,0.25,0.08,0.1735,0.076,0.034,0.055,6
872,M,0.55,0.43,0.135,0.8395,0.3675,0.1775,0.24,9
873,M,0.475,0.35,0.105,0.4415,0.18,0.1415,0.135,12
874,F,0.705,0.535,0.205,1.886,0.909,0.447,0.456,10
875,F,0.64,0.505,0.18,1.3445,0.605,0.3065,0.335,9
876,I,0.43,0.34,0.1,0.366,0.1705,0.0865,0.105,7
877,M,0.605,0.46,0.15,1.0735,0.5775,0.2695,0.265,9
878,I,0.375,0.295,0.08,0.2535,0.103,0.0575,0.042,6
879,M,0.61,0.475,0.175,1.1155,0.547,0.257,0.355,9
880,F,0.665,0.51,0.185,1.587,0.7075,0.2825,0.4535,11
881,M,0.43,0.35,0.105,0.38,0.1695,0.1065,0.115,8
882,F,0.575,0.46,0.15,1.05,0.4535,0.247,0.335,15
883,M,0.52,0.4,0.135,0.6725,0.2795,0.179,0.192,8
884,I,0.525,0.41,0.13,0.7165,0.3045,0.1635,0.265,12
885,F,0.515,0.4,0.145,0.6355,0.2405,0.1335,0.18,13
886,I,0.5,0.355,0.12,0.4655,0.2105,0.1075,0.143,7
887,I,0.405,0.305,0.09,0.252,0.0945,0.0415,0.074,7
888,M,0.515,0.405,0.135,0.7865,0.313,0.1815,0.2185,11
889,I,0.555,0.435,0.125,0.794,0.3665,0.1915,0.22,8
890,I,0.215,0.15,0.05,0.048,0.0125,0.005,0.01,4
891,I,0.385,0.315,0.1,0.3515,0.1485,0.047,0.096,7
892,I,0.525,0.41,0.11,0.6995,0.28,0.1345,0.169,8
893,I,0.435,0.335,0.115,0.417,0.167,0.0925,0.1165,8
894,F,0.545,0.45,0.16,1.0025,0.547,0.1975,0.265,10
895,M,0.58,0.46,0.165,0.929,0.3835,0.184,0.27,11
896,I,0.425,0.325,0.095,0.3215,0.1775,0.081,0.09,7
897,F,0.58,0.46,0.15,0.927,0.3215,0.1985,0.315,11
898,M,0.315,0.235,0.07,0.1765,0.0795,0.027,0.05,7
899,F,0.58,0.435,0.145,0.8465,0.339,0.2145,0.24,13
900,I,0.42,0.315,0.11,0.3335,0.143,0.0795,0.1045,9
901,I,0.48,0.375,0.11,0.5895,0.3065,0.1235,0.167,8
902,F,0.465,0.35,0.105,0.3675,0.1525,0.074,0.13,10
903,I,0.425,0.345,0.17,0.4385,0.165,0.0825,0.12,5
904,I,0.485,0.37,0.12,0.528,0.2635,0.1075,0.144,8
905,F,0.54,0.43,0.14,0.813,0.37,0.166,0.22,9
906,I,0.49,0.37,0.125,0.4965,0.215,0.1095,0.135,8
907,M,0.69,0.55,0.175,1.8795,0.931,0.4095,0.42,14
908,I,0.48,0.38,0.135,0.594,0.2945,0.104,0.1565,8
909,I,0.175,0.135,0.04,0.029,0.011,0.0075,0.0095,4
910,M,0.585,0.475,0.15,0.945,0.4135,0.189,0.295,10
911,F,0.585,0.45,0.145,0.9055,0.3925,0.1845,0.24,15
912,F,0.605,0.475,0.15,1.1155,0.5455,0.2475,0.3135,10
913,M,0.685,0.555,0.17,1.566,0.741,0.3365,0.45,13
914,I,0.51,0.42,0.145,0.6535,0.215,0.151,0.195,15
915,I,0.385,0.3,0.09,0.2775,0.1115,0.0625,0.08,7
916,F,0.665,0.525,0.18,1.3485,0.5305,0.3305,0.425,10
917,I,0.52,0.395,0.145,0.6515,0.2985,0.1045,0.22,9
918,F,0.635,0.495,0.14,1.129,0.5195,0.223,0.33,8
919,M,0.585,0.46,0.155,1.0455,0.4125,0.2075,0.41,12
920,F,0.575,0.45,0.15,0.8665,0.3695,0.1905,0.24,9
921,I,0.43,0.31,0.115,0.4025,0.1895,0.081,0.08,6
922,I,0.46,0.35,0.115,0.4995,0.2075,0.096,0.1395,10
923,F,0.45,0.35,0.125,0.5425,0.1765,0.123,0.175,13
924,I,0.375,0.245,0.08,0.1455,0.0695,0.032,0.04,6
925,F,0.595,0.475,0.155,1.116,0.542,0.2525,0.31,9
926,F,0.57,0.445,0.18,0.903,0.3575,0.1815,0.295,9
927,F,0.565,0.455,0.18,0.895,0.375,0.1685,0.264,10
928,M,0.47,0.375,0.12,0.5895,0.2465,0.1315,0.167,8
929,M,0.54,0.425,0.15,0.7635,0.312,0.1445,0.215,10
930,I,0.25,0.17,0.06,0.0685,0.0345,0.0145,0.02,4
931,I,0.48,0.355,0.1,0.5395,0.2505,0.11,0.1215,7
932,F,0.545,0.43,0.185,0.9535,0.346,0.2,0.28,15
933,I,0.46,0.335,0.1,0.4385,0.18,0.068,0.125,9
934,M,0.58,0.435,0.155,1.012,0.477,0.2575,0.265,9
935,M,0.58,0.45,0.165,1.081,0.4515,0.2045,0.335,10
936,F,0.66,0.515,0.175,1.4935,0.5265,0.326,0.405,11
937,M,0.65,0.51,0.17,1.527,0.7735,0.318,0.341,9
938,F,0.505,0.385,0.125,0.498,0.2175,0.092,0.1535,10
939,F,0.565,0.44,0.15,0.8575,0.3485,0.1765,0.27,12
940,M,0.565,0.435,0.15,0.834,0.3525,0.1855,0.23,9
941,M,0.63,0.46,0.155,1.0605,0.4605,0.239,0.3,11
942,F,0.765,0.585,0.215,2.173,0.801,0.4985,0.605,11
943,M,0.52,0.395,0.135,0.5915,0.2895,0.1245,0.185,10
944,F,0.47,0.375,0.115,0.4995,0.3475,0.101,0.148,6
945,I,0.39,0.325,0.11,0.3105,0.12,0.074,0.105,7
946,M,0.62,0.485,0.17,1.274,0.6185,0.2695,0.379,10
947,M,0.605,0.495,0.175,1.2785,0.414,0.2635,0.405,13
948,F,0.69,0.525,0.19,1.492,0.6425,0.3905,0.42,11
949,F,0.615,0.47,0.165,0.9535,0.4065,0.175,0.247,10
950,F,0.61,0.475,0.17,1.139,0.5265,0.2355,0.271,9
951,I,0.445,0.34,0.11,0.4415,0.1755,0.061,0.1305,8
952,I,0.455,0.35,0.11,0.4355,0.192,0.083,0.12,7
953,M,0.495,0.375,0.11,0.495,0.2175,0.1095,0.155,8
954,I,0.345,0.255,0.095,0.1985,0.0725,0.0515,0.055,7
955,F,0.5,0.385,0.135,0.717,0.28,0.1575,0.195,13
956,I,0.425,0.315,0.1,0.3675,0.1565,0.0855,0.095,7
957,M,0.72,0.555,0.195,2.381,0.931,0.4915,0.503,12
958,M,0.5,0.385,0.15,0.6295,0.29,0.105,0.215,9
959,F,0.585,0.47,0.155,1.12,0.5885,0.2145,0.29,9
960,I,0.43,0.325,0.095,0.393,0.171,0.092,0.09,7
961,F,0.54,0.42,0.15,0.8525,0.318,0.1945,0.2,9
962,I,0.37,0.28,0.105,0.2615,0.0945,0.0575,0.08,9
963,I,0.25,0.19,0.06,0.1055,0.435,0.015,0.039,5
964,M,0.61,0.545,0.18,1.2415,0.3665,0.23,0.49,16
965,I,0.56,0.43,0.145,0.8045,0.38,0.1725,0.2425,8
966,I,0.435,0.335,0.11,0.4355,0.1645,0.084,0.1135,8
967,I,0.545,0.415,0.135,0.769,0.347,0.137,0.17,8
968,I,0.385,0.285,0.09,0.2465,0.1125,0.0545,0.07,7
969,F,0.505,0.41,0.15,0.7995,0.336,0.184,0.25,12
970,F,0.605,0.495,0.19,1.0725,0.3285,0.25,0.39,25
971,I,0.46,0.36,0.115,0.4745,0.227,0.1105,0.113,7
972,I,0.46,0.35,0.1,0.3675,0.14,0.0785,0.115,8
973,I,0.32,0.24,0.085,0.1785,0.078,0.0405,0.05,3
974,F,0.69,0.55,0.2,1.689,0.633,0.401,0.48,13
975,I,0.5,0.38,0.12,0.597,0.3075,0.1315,0.13,8
976,M,0.64,0.485,0.185,1.6015,0.5355,0.322,0.43,10
977,F,0.585,0.46,0.135,0.908,0.4595,0.2265,0.23,9
978,M,0.51,0.405,0.135,0.769,0.3305,0.1825,0.19,9
979,I,0.41,0.31,0.115,0.3595,0.14,0.0885,0.1,9
980,I,0.295,0.23,0.075,0.1285,0.063,0.0305,0.042,7
981,M,0.54,0.425,0.165,0.8295,0.3485,0.1735,0.24,9
982,M,0.69,0.54,0.2,1.3835,0.6335,0.2955,0.425,13
983,I,0.28,0.2,0.065,0.098,0.065,0.02,0.03,6
984,F,0.505,0.41,0.125,0.6375,0.271,0.15,0.144,9
985,I,0.365,0.285,0.085,0.2595,0.097,0.0515,0.07,7
986,M,0.6,0.475,0.15,1.238,0.6355,0.2685,0.29,9
987,I,0.495,0.405,0.125,0.5955,0.2545,0.1535,0.185,8
988,I,0.3,0.23,0.065,0.1455,0.056,0.0265,0.04,6
989,F,0.68,0.51,0.175,1.5945,0.6465,0.2925,0.48,12
990,I,0.365,0.28,0.085,0.187,0.0705,0.029,0.058,7
991,F,0.505,0.38,0.115,0.689,0.3285,0.1315,0.1955,10
992,M,0.575,0.44,0.16,1.0475,0.4835,0.2355,0.305,10
993,I,0.305,0.225,0.07,0.14,0.073,0.0235,0.05,6
994,I,0.27,0.145,0.055,0.075,0.0305,0.022,0.025,4
995,I,0.47,0.35,0.13,0.474,0.1955,0.1065,0.1405,8
996,M,0.57,0.465,0.15,1.0835,0.5415,0.201,0.27,9
997,I,0.57,0.45,0.15,0.8995,0.3345,0.1685,0.23,9
998,M,0.6,0.45,0.145,1.0035,0.4835,0.2295,0.2685,10
999,M,0.64,0.48,0.18,1.1185,0.478,0.2745,0.3385,10
1000,M,0.57,0.45,0.15,1.0985,0.564,0.2555,0.2715,9
1001,F,0.65,0.54,0.165,1.403,0.6955,0.288,0.45,9
1002,I,0.405,0.315,0.1,0.3525,0.1525,0.0625,0.0875,6
1003,M,0.59,0.475,0.17,1.096,0.413,0.2445,0.37,17
1004,F,0.585,0.46,0.165,1.1165,0.5885,0.2615,0.274,10
1005,M,0.69,0.53,0.195,1.5415,0.7185,0.3595,0.415,11
1006,F,0.695,0.53,0.235,1.4765,0.678,0.4155,0.335,12
1007,F,0.595,0.45,0.17,1.1345,0.5265,0.2435,0.325,10
1008,I,0.33,0.26,0.085,0.1965,0.0815,0.0425,0.055,7
1009,M,0.65,0.475,0.155,1.114,0.4935,0.2225,0.31,9
1010,F,0.605,0.475,0.175,1.1025,0.498,0.2085,0.3045,10
1011,F,0.575,0.445,0.135,0.8005,0.3425,0.1985,0.2605,9
1012,F,0.635,0.495,0.15,1.3695,0.6605,0.2815,0.34,9
1013,M,0.6,0.5,0.175,1.1135,0.4925,0.2695,0.36,13
1014,M,0.47,0.355,0.12,0.4485,0.1895,0.0885,0.165,9
1015,I,0.45,0.345,0.11,0.3735,0.1725,0.0855,0.1295,8
1016,I,0.55,0.425,0.14,0.7805,0.3395,0.1565,0.22,9
1017,M,0.36,0.235,0.085,0.1725,0.077,0.039,0.045,6
1018,M,0.6,0.46,0.17,1.1805,0.456,0.2395,0.3045,10
1019,M,0.52,0.385,0.15,0.7535,0.3285,0.18,0.195,12
1020,M,0.46,0.35,0.115,0.4725,0.2065,0.074,0.129,8
1021,F,0.525,0.415,0.155,0.717,0.2775,0.1735,0.205,10
1022,F,0.58,0.455,0.17,0.871,0.3155,0.19,0.275,15
1023,F,0.59,0.46,0.195,1.1,0.4115,0.2455,0.31,16
1024,F,0.615,0.525,0.175,1.2315,0.4985,0.3375,0.37,10
1025,M,0.515,0.385,0.135,0.6555,0.2565,0.1315,0.19,9
1026,I,0.17,0.13,0.045,0.0235,0.009,0.008,0.008,4
1027,M,0.525,0.4,0.13,0.6295,0.2605,0.1635,0.225,9
1028,F,0.585,0.45,0.155,0.991,0.3935,0.2555,0.295,13
1029,F,0.58,0.45,0.155,0.97,0.425,0.2245,0.28,12
1030,I,0.49,0.365,0.12,0.5805,0.2635,0.11,0.147,8
1031,F,0.595,0.455,0.14,0.955,0.4055,0.1935,0.24,11
1032,M,0.5,0.38,0.11,0.5125,0.2285,0.104,0.154,9
1033,I,0.515,0.405,0.12,0.6245,0.3095,0.1555,0.18,8
1034,F,0.6,0.485,0.17,1.056,0.4615,0.2245,0.3695,10
1035,M,0.525,0.395,0.135,0.717,0.3115,0.1425,0.19,9
1036,I,0.335,0.24,0.08,0.1595,0.0625,0.0305,0.046,7
1037,M,0.545,0.45,0.13,0.8435,0.342,0.176,0.2575,11
1038,I,0.375,0.29,0.125,0.3295,0.1285,0.0665,0.07,6
1039,F,0.675,0.525,0.195,1.7095,0.694,0.3165,0.3855,12
1040,F,0.59,0.48,0.135,1.013,0.456,0.246,0.2975,8
1041,M,0.59,0.45,0.145,0.9165,0.4645,0.182,0.2225,8
1042,I,0.4,0.29,0.09,0.2775,0.1145,0.046,0.0715,8
1043,I,0.52,0.39,0.135,0.633,0.2985,0.1295,0.17,8
1044,F,0.575,0.435,0.17,0.9765,0.3345,0.1625,0.28,13
1045,M,0.485,0.365,0.125,0.5585,0.237,0.139,0.1645,10
1046,I,0.37,0.28,0.09,0.2845,0.1505,0.0635,0.075,7
1047,F,0.69,0.57,0.185,1.607,0.724,0.349,0.48,11
1048,I,0.56,0.425,0.135,0.931,0.407,0.195,0.22,8
1049,M,0.5,0.385,0.125,0.6795,0.295,0.1365,0.1765,9
1050,I,0.39,0.29,0.08,0.2665,0.1105,0.059,0.084,7
1051,M,0.6,0.47,0.14,1.038,0.4975,0.2025,0.2925,9
1052,F,0.585,0.475,0.165,1.1,0.5125,0.227,0.35,12
1053,I,0.27,0.195,0.065,0.1385,0.058,0.0225,0.03,7
1054,F,0.625,0.49,0.15,1.1345,0.4835,0.2595,0.288,10
1055,M,0.44,0.34,0.105,0.435,0.1575,0.1045,0.125,12
1056,I,0.52,0.395,0.14,0.769,0.2755,0.1525,0.2,11
1057,I,0.435,0.325,0.11,0.3445,0.163,0.0785,0.1,8
1058,I,0.34,0.265,0.07,0.1915,0.06,0.038,0.056,7
1059,M,0.555,0.395,0.12,0.7075,0.332,0.1365,0.17,8
1060,I,0.575,0.445,0.145,0.9235,0.4545,0.2135,0.239,9
1061,M,0.555,0.425,0.165,0.8665,0.3695,0.2005,0.24,8
1062,F,0.565,0.455,0.175,0.858,0.3145,0.183,0.295,14
1063,I,0.37,0.28,0.095,0.2215,0.0885,0.0515,0.08,7
1064,I,0.4,0.315,0.105,0.347,0.1635,0.0655,0.1,8
1065,I,0.385,0.29,0.1,0.282,0.1145,0.0615,0.08,6
1066,F,0.64,0.5,0.165,1.1965,0.514,0.3145,0.343,9
1067,F,0.57,0.45,0.135,0.9505,0.43,0.214,0.285,15
1068,M,0.58,0.49,0.155,1.008,0.4765,0.2155,0.285,10
1069,F,0.515,0.39,0.125,0.6125,0.2565,0.1265,0.1745,8
1070,F,0.575,0.47,0.145,0.9355,0.3445,0.1905,0.3,10
1071,M,0.505,0.4,0.135,0.66,0.2555,0.1665,0.185,10
1072,M,0.63,0.505,0.155,1.336,0.6325,0.3215,0.335,10
1073,I,0.53,0.425,0.14,0.78,0.3265,0.1985,0.21,9
1074,F,0.625,0.49,0.16,1.3725,0.7245,0.2995,0.3685,11
1075,I,0.5,0.37,0.105,0.4415,0.2465,0.1175,0.13,7
1076,F,0.56,0.435,0.155,0.874,0.3625,0.1775,0.29,14
1077,I,0.37,0.27,0.095,0.2175,0.097,0.0435,0.0615,9
1078,I,0.255,0.19,0.07,0.086,0.042,0.015,0.025,5
1079,M,0.655,0.51,0.22,1.2695,0.569,0.2975,0.3975,13
1080,F,0.66,0.545,0.165,1.6195,0.5815,0.367,0.485,10
1081,I,0.375,0.27,0.11,0.2645,0.1305,0.0575,0.0775,7
1082,M,0.555,0.45,0.145,0.8145,0.3835,0.1845,0.225,9
1083,M,0.41,0.325,0.1,0.3305,0.1405,0.064,0.105,10
1084,I,0.475,0.385,0.125,0.667,0.302,0.1265,0.185,8
1085,M,0.67,0.53,0.19,1.3445,0.5175,0.3685,0.43,13
1086,F,0.64,0.51,0.175,1.3765,0.694,0.3115,0.3905,11
1087,M,0.62,0.46,0.18,1.1955,0.4915,0.2575,0.3315,10
1088,M,0.665,0.515,0.19,1.6385,0.831,0.3575,0.435,10
1089,M,0.52,0.41,0.115,0.7905,0.4065,0.19,0.235,11
1090,I,0.5,0.38,0.14,0.636,0.2385,0.1415,0.17,7
1091,I,0.59,0.45,0.14,0.8395,0.37,0.1755,0.24,9
1092,F,0.63,0.48,0.15,1.12,0.5485,0.2435,0.3015,9
1093,I,0.37,0.28,0.09,0.2655,0.122,0.052,0.08,7
1094,I,0.415,0.31,0.09,0.3245,0.1375,0.068,0.095,7
1095,I,0.26,0.18,0.03,0.093,0.0255,0.0125,0.02,3
1096,I,0.35,0.26,0.07,0.207,0.0745,0.0425,0.06,5
1097,I,0.44,0.335,0.1,0.3615,0.1595,0.0765,0.12,7
1098,M,0.545,0.445,0.14,0.836,0.3745,0.1605,0.2245,9
1099,F,0.53,0.425,0.13,0.7675,0.419,0.163,0.2,9
1100,M,0.705,0.525,0.195,1.978,0.6075,0.3125,0.71,17
1101,M,0.625,0.485,0.16,1.3245,0.6865,0.2605,0.3455,10
1102,M,0.595,0.475,0.155,1.0285,0.4955,0.2395,0.295,9
1103,M,0.65,0.47,0.15,1.2615,0.5935,0.3045,0.3345,9
1104,M,0.68,0.515,0.18,1.6115,0.8415,0.306,0.395,11
1105,I,0.41,0.305,0.095,0.3415,0.1595,0.0475,0.094,7
1106,F,0.46,0.36,0.12,0.495,0.1705,0.1045,0.145,15
1107,I,0.51,0.4,0.125,0.6345,0.2725,0.1435,0.18,8
1108,F,0.59,0.475,0.15,0.976,0.444,0.2475,0.245,8
1109,I,0.275,0.16,0.065,0.092,0.0265,0.018,0.02,5
1110,M,0.59,0.475,0.15,1.1405,0.5245,0.2405,0.275,10
1111,F,0.53,0.41,0.13,0.8115,0.3645,0.181,0.22,9
1112,M,0.63,0.505,0.165,1.3745,0.592,0.3095,0.4095,10
1113,M,0.575,0.465,0.155,0.7955,0.3475,0.18,0.24,11
1114,M,0.57,0.445,0.14,0.853,0.3715,0.1765,0.2485,8
1115,F,0.605,0.485,0.155,1.1835,0.5195,0.2705,0.3135,10
1116,F,0.67,0.505,0.205,1.8445,0.7785,0.3765,0.4,12
1117,F,0.635,0.5,0.17,1.2435,0.5405,0.2625,0.325,9
1118,I,0.465,0.36,0.135,0.4865,0.197,0.1055,0.127,8
1119,I,0.335,0.255,0.075,0.1565,0.057,0.0365,0.06,8
1120,I,0.445,0.335,0.09,0.358,0.1525,0.067,0.105,7
1121,I,0.45,0.34,0.115,0.3625,0.1745,0.064,0.105,8
1122,M,0.655,0.51,0.175,1.4135,0.6355,0.3365,0.37,10
1123,M,0.665,0.505,0.19,1.4385,0.6775,0.285,0.178,11
1124,M,0.585,0.45,0.16,0.8625,0.3925,0.156,0.215,11
1125,F,0.6,0.475,0.17,1.1015,0.356,0.2395,0.4,23
1126,I,0.385,0.305,0.095,0.3245,0.14,0.0635,0.11,8
1127,M,0.58,0.46,0.155,0.869,0.3785,0.215,0.235,8
1128,F,0.615,0.475,0.16,1.1005,0.4475,0.2765,0.28,10
1129,I,0.25,0.15,0.05,0.042,0.0245,0.0135,0.02,5
1130,I,0.55,0.415,0.15,0.8945,0.3145,0.2115,0.2845,8
1131,I,0.515,0.395,0.13,0.6635,0.2665,0.14,0.1895,9
1132,M,0.545,0.42,0.145,0.7805,0.3065,0.1605,0.25,13
1133,I,0.29,0.215,0.085,0.1185,0.054,0.0265,0.035,6
1134,M,0.585,0.455,0.135,0.953,0.3945,0.2165,0.29,9
1135,M,0.655,0.515,0.195,1.494,0.6865,0.3115,0.42,15
1136,I,0.555,0.43,0.13,0.7665,0.341,0.1655,0.222,8
1137,I,0.28,0.205,0.075,0.101,0.041,0.0255,0.035,5
1138,I,0.415,0.325,0.105,0.3775,0.158,0.0735,0.115,6
1139,F,0.545,0.445,0.135,0.814,0.3775,0.1715,0.22,10
1140,I,0.39,0.29,0.1,0.2885,0.148,0.067,0.085,7
1141,M,0.635,0.515,0.225,1.3695,0.5635,0.3095,0.42,20
1142,I,0.45,0.35,0.125,0.4545,0.21,0.091,0.145,9
1143,F,0.65,0.505,0.175,1.48,0.6645,0.3485,0.37,10
1144,M,0.66,0.515,0.2,1.5595,0.7345,0.339,0.351,11
1145,F,0.65,0.525,0.185,1.5055,0.7365,0.341,0.43,12
1146,F,0.63,0.505,0.19,1.4285,0.659,0.305,0.38,11
1147,I,0.485,0.355,0.105,0.4995,0.3065,0.096,0.1525,7
1148,M,0.67,0.515,0.17,1.523,0.6245,0.349,0.62,21
1149,M,0.725,0.585,0.185,1.8565,0.83,0.4035,0.42,11
1150,I,0.47,0.345,0.1,0.406,0.166,0.0765,0.135,10
1151,F,0.555,0.395,0.165,0.915,0.3445,0.2405,0.25,16
1152,M,0.55,0.41,0.15,0.7365,0.2985,0.163,0.215,9
1153,M,0.615,0.5,0.18,1.0515,0.4675,0.2495,0.3,9
1154,F,0.545,0.43,0.135,0.8445,0.373,0.21,0.235,10
1155,I,0.46,0.355,0.105,0.44,0.2265,0.096,0.118,7
1156,M,0.505,0.385,0.115,0.5685,0.241,0.1075,0.15,8
1157,F,0.575,0.45,0.14,0.9175,0.3885,0.1755,0.255,11
1158,F,0.44,0.355,0.105,0.3555,0.151,0.0745,0.13,9
1159,M,0.63,0.47,0.18,1.2655,0.4965,0.3135,0.345,13
1160,M,0.55,0.435,0.13,0.868,0.3375,0.167,0.219,9
1161,I,0.41,0.32,0.105,0.3245,0.1345,0.0605,0.105,8
1162,I,0.54,0.41,0.175,0.9415,0.387,0.2165,0.3,10
1163,I,0.495,0.375,0.125,0.4775,0.2025,0.088,0.162,8
1164,I,0.395,0.295,0.1,0.282,0.1255,0.082,0.095,8
1165,F,0.525,0.4,0.135,0.6355,0.3015,0.1375,0.185,9
1166,I,0.44,0.32,0.11,0.3515,0.1365,0.08,0.1,7
1167,F,0.42,0.325,0.105,0.3305,0.1405,0.0665,0.11,7
1168,F,0.565,0.44,0.14,0.869,0.4055,0.1715,0.2425,10
1169,M,0.645,0.485,0.175,1.3595,0.6525,0.2675,0.37,10
1170,M,0.585,0.455,0.165,0.9685,0.3885,0.2175,0.36,13
1171,M,0.445,0.335,0.105,0.4365,0.1815,0.096,0.1185,7
1172,I,0.425,0.31,0.1,0.3315,0.172,0.086,0.1,7
1173,M,0.505,0.39,0.125,0.6435,0.27,0.152,0.161,8
1174,I,0.45,0.345,0.135,0.447,0.16,0.0885,0.154,9
1175,F,0.61,0.47,0.165,1.1185,0.5195,0.2745,0.2885,10
1176,M,0.54,0.42,0.185,1.06,0.433,0.246,0.325,11
1177,M,0.65,0.505,0.165,1.297,0.6165,0.2905,0.36,9
1178,I,0.335,0.245,0.075,0.1695,0.0635,0.045,0.057,6
1179,F,0.615,0.47,0.17,1.2695,0.5635,0.3085,0.315,11
1180,I,0.39,0.29,0.1,0.2715,0.1185,0.0525,0.08,7
1181,F,0.56,0.445,0.15,0.7915,0.3295,0.16,0.265,12
1182,M,0.565,0.455,0.155,0.9355,0.425,0.1645,0.2425,8
1183,M,0.6,0.475,0.125,0.955,0.4635,0.188,0.262,8
1184,I,0.435,0.345,0.105,0.4015,0.242,0.0645,0.109,7
1185,M,0.55,0.46,0.155,0.967,0.4545,0.1955,0.27,9
1186,M,0.61,0.48,0.185,1.3445,0.633,0.318,0.4,11
1187,F,0.68,0.525,0.215,1.739,0.8285,0.3475,0.406,10
1188,M,0.575,0.445,0.14,0.8365,0.4145,0.1625,0.254,8
1189,I,0.495,0.395,0.14,0.6335,0.3035,0.1295,0.1495,8
1190,F,0.645,0.525,0.205,1.337,0.5305,0.2645,0.385,14
1191,M,0.655,0.525,0.18,1.3765,0.6645,0.2955,0.435,10
1192,I,0.36,0.275,0.095,0.197,0.08,0.0575,0.065,7
1193,F,0.67,0.51,0.185,1.5165,0.6765,0.3325,0.42,11
1194,F,0.68,0.565,0.19,1.5075,0.68,0.3525,0.41,11
1195,F,0.585,0.45,0.145,0.983,0.4375,0.2355,0.2785,9
1196,I,0.525,0.425,0.13,0.7395,0.3675,0.1245,0.18,9
1197,F,0.645,0.52,0.18,1.368,0.5715,0.3365,0.42,13
1198,M,0.555,0.435,0.14,0.7395,0.3275,0.1455,0.24,9
1199,M,0.58,0.45,0.14,0.872,0.3935,0.216,0.245,9
1200,M,0.72,0.54,0.2,1.676,0.7175,0.3465,0.43,13
1201,M,0.58,0.455,0.145,0.837,0.35,0.174,0.255,15
1202,I,0.555,0.435,0.145,0.72,0.321,0.1685,0.252,8
1203,M,0.555,0.44,0.155,0.745,0.2715,0.168,0.265,12
1204,F,0.575,0.47,0.145,0.927,0.333,0.1985,0.26,9
1205,M,0.62,0.465,0.16,1.136,0.556,0.23,0.309,9
1206,I,0.32,0.24,0.075,0.1785,0.0615,0.0295,0.05,6
1207,I,0.165,0.12,0.03,0.0215,0.007,0.005,0.005,4
1208,I,0.33,0.245,0.065,0.1545,0.058,0.032,0.0505,7
1209,I,0.535,0.42,0.125,0.6125,0.27,0.107,0.184,7
1210,F,0.705,0.565,0.195,1.829,0.8825,0.4095,0.665,15
1211,F,0.545,0.425,0.135,0.836,0.3345,0.1715,0.25,10
1212,M,0.66,0.53,0.18,1.488,0.724,0.2875,0.4265,10
1213,M,0.62,0.5,0.17,1.206,0.464,0.2225,0.399,11
1214,M,0.53,0.41,0.12,0.731,0.3695,0.1755,0.174,8
1215,I,0.22,0.165,0.05,0.049,0.0215,0.01,0.015,5
1216,I,0.425,0.34,0.09,0.3095,0.1585,0.0735,0.0975,7
1217,I,0.56,0.445,0.155,0.8215,0.332,0.171,0.235,10
1218,I,0.44,0.35,0.115,0.443,0.1975,0.0875,0.1175,6
1219,F,0.475,0.35,0.13,0.5175,0.2075,0.1165,0.17,8
1220,I,0.575,0.47,0.135,0.8025,0.4255,0.1495,0.2505,9
1221,M,0.575,0.44,0.16,0.955,0.3625,0.1685,0.27,14
1222,F,0.58,0.45,0.15,0.931,0.4665,0.196,0.24,10
1223,I,0.35,0.265,0.075,0.192,0.081,0.0465,0.053,6
1224,I,0.275,0.205,0.075,0.111,0.0575,0.0285,0.03,6
1225,M,0.53,0.415,0.13,0.6515,0.3345,0.138,0.1835,8
1226,I,0.53,0.4,0.125,0.5525,0.258,0.1265,0.155,8
1227,M,0.61,0.49,0.16,1.142,0.407,0.2215,0.35,15
1228,F,0.585,0.46,0.14,0.931,0.3885,0.188,0.295,9
1229,M,0.605,0.475,0.15,1.0165,0.4355,0.214,0.325,11
1230,M,0.585,0.45,0.155,0.857,0.3935,0.1815,0.2615,8
1231,M,0.43,0.325,0.11,0.3865,0.1465,0.0775,0.12,7
1232,M,0.6,0.46,0.145,0.8675,0.4325,0.1825,0.24,9
1233,I,0.235,0.17,0.06,0.0615,0.0245,0.008,0.02,5
1234,F,0.64,0.5,0.175,1.0705,0.371,0.2215,0.36,17
1235,I,0.335,0.255,0.08,0.1735,0.071,0.0375,0.04,7
1236,F,0.47,0.36,0.125,0.486,0.186,0.114,0.14,9
1237,I,0.255,0.18,0.065,0.0995,0.037,0.013,0.02,5
1238,I,0.295,0.215,0.07,0.121,0.0475,0.042,0.035,5
1239,M,0.595,0.455,0.155,1.025,0.4515,0.204,0.32,19
1240,I,0.575,0.44,0.125,0.8875,0.3915,0.1935,0.223,11
1241,I,0.475,0.355,0.105,0.4405,0.2045,0.092,0.12,8
1242,F,0.695,0.56,0.185,1.842,0.8195,0.407,0.437,11
1243,M,0.705,0.55,0.175,1.7185,0.741,0.3715,0.3765,11
1244,F,0.34,0.265,0.09,0.1895,0.0625,0.027,0.0625,8
1245,I,0.435,0.34,0.12,0.4385,0.1695,0.0865,0.12,7
1246,M,0.58,0.435,0.15,0.8915,0.382,0.19,0.24,8
1247,F,0.525,0.425,0.14,0.9205,0.4375,0.2345,0.265,9
1248,M,0.69,0.525,0.175,1.622,0.6455,0.374,0.475,12
1249,I,0.535,0.405,0.14,0.6905,0.3125,0.187,0.175,9
1250,I,0.39,0.28,0.095,0.228,0.1075,0.0515,0.09,7
1251,M,0.67,0.53,0.175,1.5275,0.735,0.299,0.395,12
1252,M,0.625,0.495,0.18,1.1405,0.52,0.2655,0.317,11
1253,I,0.44,0.325,0.11,0.3845,0.141,0.0835,0.095,9
1254,I,0.39,0.295,0.095,0.2655,0.122,0.053,0.085,8
1255,M,0.6,0.465,0.15,1.0045,0.4615,0.19,0.23,10
1256,I,0.545,0.43,0.16,0.686,0.334,0.1405,0.253,10
1257,M,0.565,0.435,0.175,0.967,0.3875,0.2255,0.275,13
1258,I,0.45,0.35,0.13,0.406,0.1555,0.0875,0.145,12
1259,M,0.59,0.465,0.18,0.9335,0.3875,0.174,0.2915,10
1260,I,0.455,0.345,0.11,0.4035,0.169,0.092,0.12,8
1261,F,0.58,0.445,0.175,0.9955,0.4625,0.2455,0.27,9
1262,I,0.4,0.29,0.09,0.2875,0.121,0.056,0.0765,7
1263,M,0.515,0.39,0.12,0.6335,0.3615,0.1315,0.184,9
1264,F,0.64,0.525,0.18,1.217,0.5055,0.207,0.3535,10
1265,I,0.365,0.27,0.08,0.2055,0.075,0.0575,0.062,6
1266,I,0.195,0.145,0.045,0.0385,0.0125,0.0085,0.0125,5
1267,M,0.58,0.455,0.165,1.0285,0.5735,0.1985,0.2515,8
1268,M,0.6,0.47,0.165,1.038,0.4975,0.2655,0.3045,10
1269,I,0.53,0.42,0.12,0.705,0.2975,0.1395,0.19,7
1270,F,0.53,0.42,0.16,1.0285,0.369,0.2165,0.35,16
1271,I,0.45,0.35,0.12,0.4675,0.2125,0.083,0.142,8
1272,F,0.565,0.475,0.165,1.2315,0.587,0.275,0.3385,10
1273,I,0.485,0.375,0.125,0.6995,0.2855,0.1735,0.155,9
1274,M,0.575,0.46,0.145,0.834,0.3675,0.1715,0.25,9
1275,I,0.44,0.325,0.11,0.378,0.1755,0.08,0.105,7
1276,I,0.415,0.325,0.1,0.3335,0.147,0.065,0.09,7
1277,I,0.375,0.285,0.09,0.2425,0.109,0.037,0.075,7
1278,I,0.27,0.215,0.065,0.116,0.0405,0.0105,0.035,6
1279,M,0.45,0.335,0.13,0.515,0.2435,0.119,0.175,8
1280,F,0.525,0.425,0.145,0.8485,0.3065,0.1785,0.26,14
1281,M,0.525,0.4,0.14,0.7015,0.3085,0.1915,0.24,15
1282,F,0.515,0.435,0.145,0.7165,0.3465,0.1685,0.1795,10
1283,F,0.59,0.46,0.16,1.1545,0.5255,0.252,0.28,12
1284,I,0.5,0.375,0.125,0.498,0.2285,0.1075,0.1545,8
1285,M,0.57,0.45,0.16,1.1155,0.4775,0.2455,0.265,9
1286,M,0.575,0.45,0.155,0.9035,0.41,0.183,0.236,10
1287,I,0.465,0.34,0.115,0.4335,0.204,0.0835,0.1185,8
1288,I,0.465,0.35,0.115,0.4425,0.1755,0.1055,0.1325,10
1289,I,0.435,0.335,0.11,0.384,0.1675,0.0995,0.097,8
1290,F,0.645,0.53,0.185,1.4415,0.556,0.314,0.405,11
1291,I,0.42,0.325,0.09,0.3825,0.1605,0.0655,0.09,7
1292,I,0.525,0.41,0.145,0.739,0.2615,0.1505,0.215,10
1293,M,0.675,0.525,0.175,1.8075,0.7265,0.3315,0.435,11
1294,M,0.43,0.31,0.115,0.384,0.21,0.0785,0.1045,10
1295,M,0.585,0.45,0.16,0.953,0.3695,0.2395,0.276,10
1296,F,0.55,0.475,0.18,0.869,0.3035,0.194,0.32,13
1297,I,0.5,0.4,0.125,0.6615,0.2865,0.1245,0.1525,8
1298,I,0.275,0.2,0.07,0.1275,0.0565,0.022,0.03,6
1299,M,0.585,0.45,0.13,0.952,0.4325,0.2145,0.2475,9
1300,M,0.57,0.45,0.14,0.8295,0.3745,0.1625,0.26,10
1301,F,0.7,0.56,0.2,1.6605,0.8605,0.3285,0.461,12
1302,M,0.525,0.41,0.125,0.8275,0.3435,0.1635,0.24,13
1303,F,0.485,0.38,0.13,0.6335,0.25,0.1385,0.185,10
1304,I,0.5,0.395,0.145,0.654,0.2695,0.17,0.203,10
1305,M,0.605,0.455,0.14,1.085,0.4465,0.246,0.335,11
1306,I,0.465,0.36,0.105,0.4295,0.1885,0.085,0.12,8
1307,I,0.525,0.35,0.12,0.5895,0.2775,0.1295,0.1845,10
1308,I,0.39,0.3,0.1,0.27,0.1185,0.064,0.07,7
1309,M,0.6,0.47,0.155,1.1245,0.5305,0.2685,0.305,11
1310,M,0.505,0.4,0.15,0.844,0.3445,0.205,0.2035,9
1311,F,0.635,0.49,0.175,1.5495,0.5115,0.3535,0.375,10
1312,M,0.385,0.3,0.115,0.2865,0.1215,0.052,0.1185,7
1313,F,0.535,0.43,0.125,0.9115,0.4055,0.194,0.194,8
1314,M,0.55,0.44,0.15,0.995,0.504,0.185,0.2505,8
1315,M,0.59,0.465,0.15,0.9755,0.3835,0.2145,0.2745,10
1316,F,0.51,0.405,0.13,0.657,0.3065,0.15,0.185,9
1317,M,0.475,0.375,0.115,0.452,0.1725,0.087,0.14,8
1318,M,0.625,0.49,0.155,1.2435,0.5805,0.313,0.355,9
1319,M,0.545,0.435,0.15,0.7335,0.2795,0.1515,0.2185,11
1320,F,0.645,0.51,0.17,1.5335,0.586,0.339,0.42,14
1321,I,0.375,0.27,0.1,0.2175,0.1155,0.05,0.065,9
1322,F,0.6,0.475,0.16,1.0045,0.4475,0.221,0.244,9
1323,I,0.475,0.355,0.125,0.4955,0.2185,0.1025,0.12,8
1324,F,0.675,0.53,0.19,1.5765,0.678,0.331,0.455,11
1325,M,0.44,0.33,0.12,0.3695,0.1485,0.0905,0.13,13
1326,M,0.625,0.455,0.17,1.082,0.4955,0.2865,0.304,10
1327,M,0.625,0.485,0.155,1.0725,0.4125,0.2225,0.31,9
1328,F,0.435,0.335,0.14,0.384,0.1455,0.0735,0.115,12
1329,F,0.45,0.35,0.11,0.4335,0.166,0.0955,0.12,9
1330,M,0.49,0.395,0.13,0.674,0.3165,0.1315,0.1765,11
1331,M,0.545,0.435,0.16,0.8445,0.2715,0.1865,0.27,19
1332,M,0.66,0.535,0.155,1.2895,0.594,0.27,0.345,11
1333,M,0.595,0.475,0.16,1.1475,0.4935,0.2515,0.32,9
1334,I,0.3,0.22,0.075,0.1425,0.057,0.0335,0.05,6
1335,F,0.6,0.465,0.155,0.97,0.4325,0.1975,0.26,9
1336,I,0.505,0.39,0.13,0.6175,0.269,0.1325,0.168,8
1337,I,0.47,0.34,0.105,0.4095,0.175,0.0955,0.12,7
1338,M,0.55,0.44,0.15,0.959,0.4485,0.2325,0.248,11
1339,I,0.48,0.385,0.135,0.525,0.2185,0.1065,0.16,15
1340,F,0.605,0.47,0.135,1.0615,0.3935,0.236,0.335,11
1341,M,0.64,0.515,0.18,1.3105,0.527,0.2585,0.465,17
1342,I,0.53,0.435,0.135,0.7365,0.3275,0.1455,0.213,8
1343,F,0.72,0.575,0.22,1.9335,0.914,0.389,0.51,13
1344,M,0.52,0.415,0.135,0.7715,0.3775,0.16,0.1765,8
1345,I,0.44,0.34,0.1,0.386,0.174,0.0855,0.091,8
1346,F,0.735,0.565,0.225,2.037,0.87,0.5145,0.5675,11
1347,M,0.65,0.52,0.175,1.4275,0.69,0.306,0.4355,12
1348,I,0.46,0.35,0.11,0.3755,0.1555,0.0655,0.1175,7
1349,F,0.6,0.48,0.14,0.8935,0.4235,0.2195,0.248,9
1350,F,0.585,0.455,0.15,0.9395,0.358,0.189,0.295,11
1351,M,0.62,0.475,0.175,1.0165,0.4355,0.2605,0.325,9
1352,M,0.49,0.375,0.115,0.5925,0.256,0.11,0.137,9
1353,M,0.645,0.525,0.205,2.5085,0.5515,0.3235,0.725,19
1354,I,0.37,0.285,0.09,0.25,0.108,0.056,0.066,7
1355,M,0.515,0.38,0.115,0.5525,0.2515,0.119,0.15,9
1356,F,0.61,0.48,0.135,0.9175,0.4025,0.1795,0.2575,9
1357,I,0.375,0.275,0.09,0.2385,0.0975,0.0575,0.0605,7
1358,I,0.45,0.32,0.1,0.3735,0.175,0.0825,0.105,8
1359,I,0.36,0.265,0.085,0.2185,0.0895,0.0465,0.06,6
1360,M,0.615,0.475,0.15,1.066,0.4645,0.2395,0.2985,10
1361,I,0.205,0.165,0.055,0.059,0.0265,0.0175,0.019,8
1362,I,0.47,0.38,0.08,0.3175,0.1575,0.0695,0.1135,8
1363,F,0.695,0.525,0.17,1.6195,0.714,0.353,0.453,10
1364,I,0.35,0.25,0.075,0.147,0.0645,0.0295,0.0495,5
1365,M,0.475,0.365,0.105,0.5805,0.3245,0.1275,0.1255,8
1366,F,0.62,0.47,0.155,1.2075,0.566,0.2455,0.365,11
1367,I,0.45,0.35,0.11,0.447,0.2075,0.0855,0.14,6
1368,M,0.58,0.445,0.145,0.984,0.4955,0.201,0.27,9
1369,F,0.595,0.465,0.185,1.0195,0.4995,0.1935,0.34,10
1370,F,0.555,0.465,0.15,1.0325,0.4655,0.2495,0.2765,10
1371,I,0.38,0.29,0.095,0.2615,0.11,0.0455,0.07,7
1372,I,0.5,0.39,0.13,0.6555,0.28,0.1285,0.18,8
1373,M,0.555,0.43,0.16,0.891,0.3745,0.2185,0.2295,10
1374,F,0.53,0.415,0.15,0.753,0.258,0.171,0.23,8
1375,F,0.73,0.55,0.195,1.56,0.6755,0.383,0.461,11
1376,M,0.595,0.47,0.165,1.1115,0.4035,0.2875,0.29,12
1377,F,0.525,0.415,0.155,0.7455,0.302,0.156,0.275,12
1378,M,0.555,0.44,0.14,0.8635,0.401,0.1655,0.2,11
1379,M,0.47,0.36,0.115,0.4885,0.1905,0.0845,0.15,8
1380,I,0.175,0.11,0.045,0.014,0.009,0.0065,0.005,4
1381,F,0.53,0.415,0.135,0.5905,0.2375,0.0955,0.205,15
1382,M,0.58,0.43,0.155,0.8795,0.3625,0.171,0.24,10
1383,M,0.635,0.495,0.15,1.3105,0.577,0.3315,0.355,10
1384,M,0.44,0.34,0.11,0.44,0.2345,0.0855,0.13,8
1385,M,0.45,0.335,0.115,0.38,0.17,0.0795,0.11,8
1386,F,0.585,0.47,0.155,1.0675,0.5065,0.207,0.26,8
1387,F,0.575,0.45,0.145,0.8395,0.3595,0.1805,0.2725,10
1388,I,0.385,0.285,0.09,0.281,0.1455,0.056,0.066,8
1389,I,0.33,0.23,0.085,0.134,0.054,0.024,0.04,7
1390,I,0.54,0.425,0.135,0.7155,0.3675,0.1715,0.215,8
1391,M,0.455,0.37,0.1,0.4025,0.175,0.0725,0.135,9
1392,I,0.36,0.265,0.09,0.1785,0.061,0.042,0.07,5
1393,I,0.58,0.455,0.125,0.906,0.4565,0.2185,0.2385,8
1394,M,0.595,0.43,0.155,0.8515,0.342,0.1915,0.275,15
1395,I,0.185,0.135,0.04,0.0375,0.0295,0.0035,0.005,5
1396,F,0.645,0.505,0.165,1.3645,0.6255,0.2985,0.335,9
1397,F,0.625,0.47,0.165,1.3415,0.611,0.275,0.3575,9
1398,F,0.67,0.525,0.195,1.639,0.667,0.322,0.49,15
1399,I,0.31,0.235,0.08,0.1445,0.058,0.0325,0.0505,7
1400,F,0.645,0.49,0.15,1.2095,0.5265,0.2655,0.3345,9
1401,I,0.445,0.34,0.1,0.3615,0.163,0.0995,0.10535,7
1402,I,0.365,0.27,0.08,0.196,0.081,0.037,0.053,5
1403,M,0.54,0.43,0.155,0.891,0.4315,0.2145,0.245,10
1404,F,0.565,0.44,0.14,0.9285,0.302,0.1855,0.265,13
1405,M,0.52,0.41,0.12,0.706,0.3355,0.1445,0.194,9
1406,F,0.62,0.495,0.18,1.3305,0.657,0.318,0.355,11
1407,F,0.545,0.41,0.145,0.7155,0.3485,0.1755,0.205,10
1408,M,0.55,0.425,0.155,0.9885,0.3265,0.1835,0.295,11
1409,I,0.385,0.29,0.095,0.2235,0.088,0.034,0.08,6
1410,I,0.46,0.375,0.11,0.4605,0.1635,0.096,0.15,8
1411,M,0.585,0.45,0.15,0.955,0.3625,0.176,0.27,10
1412,M,0.62,0.47,0.17,1.2355,0.54,0.253,0.309,8
1413,F,0.5,0.38,0.165,0.772,0.2855,0.1845,0.215,10
1414,F,0.55,0.435,0.14,0.745,0.347,0.166,0.2265,9
1415,F,0.695,0.565,0.18,1.798,0.5575,0.3325,0.44,20
1416,F,0.66,0.515,0.2,1.3905,0.5135,0.3535,0.4105,11
1417,I,0.495,0.38,0.125,0.4725,0.1625,0.1085,0.175,9
1418,I,0.57,0.45,0.145,0.938,0.4005,0.2225,0.2725,10
1419,I,0.435,0.325,0.11,0.389,0.197,0.082,0.088,8
1420,M,0.21,0.15,0.055,0.0455,0.0125,0.0065,0.015,3
1421,F,0.655,0.525,0.175,1.6675,0.797,0.3235,0.47,12
1422,M,0.525,0.405,0.14,0.7125,0.3595,0.179,0.175,9
1423,F,0.605,0.475,0.175,1.2395,0.4775,0.29,0.3985,12
1424,M,0.57,0.45,0.145,0.886,0.3905,0.2185,0.265,12
1425,M,0.59,0.445,0.155,0.9705,0.4145,0.2375,0.2965,10
1426,I,0.56,0.415,0.145,0.8025,0.3015,0.1815,0.255,15
1427,M,0.635,0.49,0.18,1.2935,0.5805,0.318,0.355,13
1428,M,0.585,0.45,0.145,0.984,0.465,0.199,0.22,9
1429,M,0.555,0.435,0.14,0.8365,0.3485,0.1635,0.24,9
1430,I,0.48,0.375,0.11,0.5175,0.2325,0.1045,0.147,8
1431,F,0.585,0.45,0.175,1.2695,0.3885,0.2865,0.375,13
1432,F,0.63,0.48,0.13,1.0045,0.4895,0.2195,0.3195,9
1433,F,0.68,0.52,0.175,1.6195,0.684,0.3575,0.3775,12
1434,F,0.585,0.475,0.15,1.0315,0.4145,0.2115,0.3355,9
1435,F,0.46,0.345,0.105,0.4385,0.21,0.1065,0.11,7
1436,F,0.625,0.505,0.165,1.4135,0.667,0.2855,0.3745,11
1437,M,0.675,0.565,0.19,1.523,0.675,0.318,0.44,11
1438,M,0.69,0.54,0.21,1.583,0.7355,0.405,0.3865,11
1439,I,0.525,0.4,0.15,0.622,0.3155,0.1445,0.21,9
1440,M,0.52,0.395,0.135,0.6655,0.3525,0.13,0.165,9
1441,M,0.525,0.4,0.125,0.6655,0.2635,0.1335,0.19,10
1442,F,0.56,0.44,0.155,0.9015,0.3875,0.2065,0.25,11
1443,M,0.645,0.49,0.145,1.3,0.517,0.3175,0.31,11
1444,M,0.565,0.44,0.16,0.8735,0.3435,0.1795,0.31,15
1445,I,0.485,0.36,0.115,0.439,0.1815,0.098,0.1305,8
1446,I,0.33,0.25,0.075,0.1635,0.0995,0.0315,0.045,6
1447,I,0.5,0.375,0.12,0.542,0.25,0.0905,0.144,8
1448,F,0.58,0.45,0.155,1.0885,0.543,0.2815,0.2385,9
1449,F,0.475,0.365,0.11,0.5265,0.2235,0.1055,0.1675,9
1450,F,0.575,0.44,0.135,0.8285,0.368,0.1655,0.2705,9
1451,M,0.585,0.46,0.155,0.9245,0.3715,0.22,0.235,9
1452,I,0.595,0.47,0.135,0.9365,0.434,0.184,0.287,8
1453,F,0.605,0.485,0.165,1.1635,0.5095,0.2565,0.325,11
1454,M,0.65,0.545,0.175,1.539,0.5975,0.342,0.52,13
1455,F,0.705,0.535,0.195,1.8995,0.8785,0.397,0.5385,10
1456,M,0.465,0.345,0.08,0.3875,0.194,0.092,0.085,6
1457,F,0.575,0.455,0.135,0.974,0.4255,0.201,0.275,8
1458,F,0.56,0.455,0.14,0.967,0.3775,0.284,0.274,10
1459,I,0.25,0.21,0.07,0.1495,0.056,0.024,0.03,5
1460,I,0.425,0.335,0.1,0.396,0.166,0.0865,0.125,7
1461,M,0.575,0.45,0.135,0.926,0.3895,0.2195,0.22,8
1462,M,0.515,0.4,0.155,0.769,0.282,0.1625,0.205,13
1463,M,0.6,0.475,0.175,1.0835,0.403,0.2535,0.325,13
1464,F,0.665,0.535,0.195,1.4265,0.5795,0.293,0.4355,18
1465,M,0.415,0.325,0.115,0.3685,0.1575,0.08,0.105,10
1466,F,0.58,0.435,0.145,0.991,0.4375,0.2405,0.275,15
1467,M,0.6,0.495,0.175,1.0985,0.3815,0.24,0.35,18
1468,M,0.725,0.58,0.18,1.523,0.7335,0.3555,0.4425,11
1469,M,0.655,0.485,0.155,1.229,0.5535,0.2745,0.309,9
1470,I,0.405,0.3,0.105,0.3085,0.1585,0.0505,0.073,7
1471,I,0.47,0.35,0.11,0.3705,0.1595,0.0935,0.1025,7
1472,M,0.525,0.4,0.13,0.7235,0.349,0.149,0.2,8
1473,F,0.545,0.44,0.145,0.858,0.4025,0.166,0.234,8
1474,M,0.655,0.51,0.17,1.2565,0.6405,0.294,0.328,10
1475,I,0.37,0.285,0.075,0.2435,0.106,0.0355,0.045,6
1476,M,0.58,0.46,0.175,1.1705,0.564,0.2405,0.2875,9
1477,I,0.52,0.41,0.12,0.6675,0.2845,0.15,0.18,8
1478,F,0.67,0.515,0.17,1.4265,0.6605,0.3395,0.37,10
1479,M,0.58,0.425,0.145,0.769,0.2925,0.1835,0.265,13
1480,I,0.455,0.35,0.11,0.4545,0.2025,0.08,0.13,7
1481,I,0.545,0.45,0.135,0.686,0.3285,0.1255,0.26,9
1482,F,0.61,0.48,0.165,1.079,0.5235,0.1695,0.2835,9
1483,F,0.725,0.565,0.2,1.738,0.6395,0.3585,0.575,13
1484,I,0.435,0.35,0.135,0.3975,0.1815,0.081,0.1325,8
1485,I,0.53,0.425,0.13,0.7395,0.2945,0.1395,0.2135,8
1486,M,0.57,0.45,0.175,0.977,0.4755,0.2025,0.235,10
1487,F,0.555,0.435,0.16,0.875,0.3605,0.1605,0.225,10
1488,I,0.56,0.435,0.15,0.852,0.3565,0.1515,0.245,11
1489,F,0.585,0.46,0.165,1.038,0.4975,0.2525,0.285,10
1490,I,0.52,0.395,0.125,0.5425,0.2715,0.118,0.16,8
1491,M,0.68,0.53,0.195,1.492,0.5785,0.3315,0.475,15
1492,F,0.69,0.545,0.185,1.7375,0.8725,0.42,0.4285,11
1493,M,0.53,0.415,0.135,0.6265,0.2485,0.147,0.225,11
1494,I,0.255,0.185,0.07,0.0925,0.039,0.021,0.025,6
1495,F,0.665,0.505,0.17,1.1495,0.4975,0.2755,0.31,9
1496,I,0.535,0.42,0.155,0.686,0.3125,0.1265,0.1895,9
1497,M,0.59,0.465,0.135,0.9285,0.45,0.1915,0.25,9
1498,M,0.545,0.42,0.13,0.7385,0.302,0.1585,0.205,11
1499,I,0.425,0.31,0.095,0.3535,0.146,0.0645,0.09,7
1500,M,0.495,0.38,0.12,0.573,0.2655,0.1245,0.144,8
1501,F,0.565,0.43,0.125,0.784,0.3465,0.1775,0.21,9
1502,I,0.43,0.31,0.095,0.344,0.123,0.0645,0.085,8
1503,I,0.43,0.34,0.12,0.3425,0.14,0.078,0.1,9
1504,I,0.35,0.255,0.085,0.2145,0.1,0.0465,0.06,6
1505,F,0.525,0.4,0.13,0.5925,0.263,0.1295,0.175,9
1506,F,0.575,0.445,0.155,0.941,0.4575,0.2025,0.38,10
1507,M,0.61,0.48,0.15,1.136,0.414,0.301,0.305,11
1508,F,0.51,0.4,0.125,0.556,0.262,0.1315,0.175,11
1509,M,0.53,0.41,0.145,0.8115,0.3125,0.1925,0.3,14
1510,M,0.595,0.475,0.155,1.0565,0.5065,0.2095,0.285,10
1511,M,0.69,0.54,0.23,1.9045,0.8155,0.4385,0.555,20
1512,M,0.565,0.44,0.145,0.8145,0.3525,0.1905,0.22,10
1513,F,0.505,0.41,0.1,0.6295,0.269,0.131,0.208,10
1514,M,0.51,0.405,0.135,0.6295,0.302,0.1565,0.225,10
1515,M,0.68,0.52,0.175,1.4435,0.6555,0.2925,0.395,10
1516,F,0.595,0.475,0.16,1.081,0.5195,0.2215,0.25,8
1517,F,0.615,0.485,0.155,1.0465,0.488,0.2035,0.25,9
1518,I,0.495,0.37,0.1,0.47,0.2025,0.0925,0.15,8
1519,F,0.72,0.55,0.22,1.8465,0.8605,0.3905,0.395,11
1520,M,0.58,0.45,0.155,0.812,0.3215,0.2155,0.24,14
1521,I,0.39,0.3,0.09,0.3025,0.1335,0.056,0.0835,6
1522,I,0.325,0.23,0.08,0.1185,0.058,0.038,0.05,6
1523,I,0.345,0.255,0.085,0.1985,0.078,0.037,0.058,8
1524,M,0.155,0.115,0.025,0.024,0.009,0.006,0.0075,4
1525,F,0.67,0.525,0.18,1.5805,0.7255,0.318,0.41,11
1526,F,0.46,0.375,0.12,0.5115,0.2355,0.135,0.145,7
1527,I,0.31,0.235,0.075,0.1285,0.051,0.0265,0.035,6
1528,F,0.545,0.435,0.155,0.879,0.3485,0.1655,0.265,10
1529,M,0.52,0.415,0.125,0.5825,0.2375,0.1545,0.185,14
1530,F,0.545,0.415,0.135,0.874,0.3475,0.1775,0.29,12
1531,I,0.155,0.125,0.035,0.0155,0.0045,0.0085,0.005,3
1532,I,0.375,0.28,0.095,0.223,0.0895,0.0545,0.07,7
1533,M,0.67,0.52,0.19,1.6385,0.8115,0.3555,0.391,13
1534,M,0.635,0.515,0.155,1.3405,0.6575,0.2895,0.315,11
1535,F,0.58,0.435,0.125,0.837,0.3795,0.1725,0.23,8
1536,F,0.585,0.465,0.145,0.9855,0.4325,0.2185,0.26,11
1537,F,0.575,0.47,0.165,1.053,0.4685,0.24,0.27,10
1538,F,0.505,0.395,0.12,0.5795,0.2475,0.13,0.165,10
1539,M,0.595,0.43,0.185,0.9335,0.382,0.2535,0.2875,9
1540,F,0.6,0.475,0.14,1.0265,0.4955,0.2075,0.26,8
1541,F,0.515,0.415,0.14,0.6235,0.2555,0.1345,0.2,12
1542,F,0.615,0.46,0.17,1.1,0.4125,0.2205,0.42,15
1543,F,0.53,0.405,0.135,0.8915,0.3675,0.17,0.195,9
1544,I,0.505,0.385,0.115,0.547,0.2755,0.127,0.145,8
1545,F,0.695,0.53,0.175,1.742,0.6635,0.3125,0.4865,13
1546,M,0.585,0.45,0.125,0.865,0.37,0.1715,0.225,8
1547,M,0.725,0.535,0.19,1.7315,0.7105,0.398,0.503,11
1548,M,0.565,0.46,0.14,0.9335,0.4235,0.171,0.25,10
1549,F,0.61,0.46,0.14,0.7155,0.2115,0.1715,0.29,13
1550,M,0.58,0.45,0.15,0.8695,0.3075,0.2325,0.2705,10
1551,F,0.6,0.465,0.155,0.9735,0.4675,0.2025,0.259,9
1552,F,0.69,0.54,0.185,1.5855,0.5985,0.353,0.5,11
1553,M,0.55,0.43,0.14,0.8145,0.401,0.171,0.185,8
1554,M,0.67,0.525,0.19,1.406,0.6255,0.3555,0.36,13
1555,M,0.525,0.41,0.15,0.7365,0.2755,0.186,0.215,9
1556,I,0.46,0.29,0.095,0.4245,0.1805,0.081,0.12,8
1557,I,0.58,0.46,0.145,1.065,0.4985,0.2285,0.2875,11
1558,F,0.57,0.45,0.15,0.832,0.3325,0.1715,0.2315,10
1559,I,0.17,0.135,0.045,0.0235,0.0135,0.0065,0.008,5
1560,M,0.66,0.525,0.185,1.807,0.873,0.3305,0.445,10
1561,I,0.19,0.145,0.06,0.027,0.018,0.012,0.015,4
1562,F,0.59,0.475,0.14,0.9605,0.4695,0.2065,0.279,10
1563,M,0.655,0.525,0.19,1.613,0.871,0.3125,0.44,11
1564,M,0.655,0.53,0.18,1.482,0.7245,0.3595,0.365,9
1565,M,0.69,0.55,0.18,1.662,0.7725,0.378,0.431,11
1566,F,0.565,0.49,0.14,0.9245,0.405,0.2195,0.255,14
1567,I,0.53,0.42,0.16,0.8935,0.419,0.164,0.2145,10
1568,I,0.525,0.4,0.13,0.6355,0.2605,0.1445,0.17,9
1569,F,0.435,0.35,0.115,0.3915,0.1415,0.0985,0.12,7
1570,M,0.53,0.41,0.135,0.7395,0.3735,0.1665,0.215,9
1571,I,0.435,0.335,0.1,0.3535,0.2005,0.084,0.09,7
1572,I,0.28,0.215,0.08,0.1285,0.0355,0.0285,0.035,5
1573,M,0.59,0.465,0.155,1.0765,0.479,0.2565,0.295,11
1574,I,0.445,0.36,0.12,0.4775,0.17,0.1055,0.1445,8
1575,I,0.485,0.36,0.12,0.567,0.2415,0.1075,0.1525,7
1576,I,0.515,0.385,0.12,0.623,0.2855,0.1285,0.175,8
1577,I,0.475,0.365,0.12,0.5455,0.216,0.123,0.139,8
1578,I,0.475,0.35,0.13,0.5175,0.2075,0.1165,0.17,7
1579,F,0.69,0.525,0.18,1.6465,0.6655,0.3025,0.47,16
1580,F,0.63,0.48,0.15,1.1635,0.5265,0.2395,0.305,10
1581,M,0.285,0.215,0.05,0.1055,0.0235,0.0185,0.025,4
1582,I,0.445,0.335,0.1,0.378,0.1415,0.0725,0.11,7
1583,I,0.485,0.38,0.115,0.608,0.2595,0.1445,0.1405,8
1584,I,0.595,0.46,0.135,0.8915,0.3305,0.2275,0.251,10
1585,F,0.605,0.475,0.17,1.1145,0.4775,0.2745,0.335,9
1586,M,0.595,0.475,0.165,1.0735,0.4865,0.2615,0.27,10
1587,M,0.64,0.515,0.175,1.3745,0.5055,0.3575,0.385,12
1588,I,0.36,0.265,0.095,0.2565,0.093,0.0425,0.054,9
1589,I,0.305,0.225,0.08,0.1455,0.063,0.034,0.0415,5
1590,F,0.61,0.48,0.165,1.2595,0.6315,0.2725,0.3375,9
1591,I,0.375,0.28,0.085,0.2345,0.1145,0.0635,0.055,6
1592,I,0.47,0.375,0.13,0.5225,0.201,0.0965,0.165,8
1593,F,0.57,0.44,0.14,0.9525,0.4565,0.195,0.225,11
1594,I,0.21,0.15,0.05,0.046,0.0125,0.0125,0.01,4
1595,I,0.285,0.21,0.06,0.106,0.045,0.0235,0.031,6
1596,I,0.415,0.325,0.1,0.3215,0.1545,0.0795,0.095,6
1597,M,0.51,0.405,0.14,0.579,0.213,0.1065,0.19,16
1598,I,0.165,0.12,0.035,0.021,0.0095,0.0075,0.005,4
1599,M,0.505,0.4,0.135,0.844,0.3495,0.1395,0.255,14
1600,M,0.585,0.45,0.155,0.984,0.4755,0.2065,0.2245,9
1601,M,0.56,0.45,0.17,0.9955,0.4865,0.214,0.265,9
1602,F,0.595,0.465,0.145,0.9685,0.4085,0.2035,0.285,10
1603,M,0.55,0.415,0.125,0.7955,0.3845,0.158,0.22,10
1604,M,0.54,0.435,0.175,0.9275,0.2695,0.2,0.26,14
1605,M,0.55,0.425,0.135,0.8395,0.33,0.16,0.235,13
1606,M,0.575,0.45,0.155,1.0065,0.4605,0.2185,0.3,17
1607,M,0.745,0.6,0.215,2.5085,1.232,0.519,0.7,11
1608,I,0.295,0.21,0.07,0.1085,0.048,0.0145,0.03,5
1609,I,0.435,0.32,0.085,0.3765,0.1635,0.0455,0.095,7
1610,I,0.39,0.3,0.09,0.219,0.115,0.0405,0.05,6
1611,M,0.535,0.4,0.14,0.6615,0.2855,0.1595,0.17,8
1612,F,0.58,0.455,0.125,0.853,0.3495,0.1775,0.26,11
1613,I,0.26,0.185,0.065,0.0685,0.0295,0.0155,0.0215,6
1614,M,0.545,0.42,0.125,0.869,0.3715,0.2155,0.2,9
1615,I,0.395,0.29,0.09,0.2365,0.098,0.063,0.074,7
1616,I,0.435,0.32,0.095,0.3675,0.1655,0.0575,0.105,7
1617,I,0.25,0.19,0.05,0.081,0.038,0.0235,0.025,5
1618,F,0.625,0.48,0.16,1.2415,0.6575,0.2625,0.2885,9
1619,M,0.46,0.35,0.115,0.4215,0.1955,0.082,0.13,9
1620,F,0.595,0.475,0.155,0.9905,0.4625,0.178,0.275,10
1621,M,0.635,0.51,0.19,1.3835,0.569,0.2985,0.3985,10
1622,M,0.55,0.435,0.16,0.89,0.4285,0.1955,0.264,10
1623,I,0.35,0.265,0.08,0.1655,0.056,0.04,0.0575,7
1624,F,0.55,0.43,0.15,0.8025,0.313,0.1715,0.263,10
1625,I,0.475,0.36,0.1,0.4385,0.1575,0.0935,0.1335,9
1626,M,0.635,0.51,0.22,1.3905,0.5305,0.3045,0.385,13
1627,I,0.56,0.425,0.14,0.7655,0.436,0.1865,0.18,8
1628,M,0.545,0.41,0.145,0.8705,0.3935,0.209,0.223,8
1629,F,0.575,0.45,0.15,0.874,0.4615,0.1715,0.225,9
1630,I,0.445,0.345,0.1,0.425,0.1775,0.091,0.105,8
1631,F,0.69,0.54,0.22,1.604,0.624,0.3105,0.455,17
1632,F,0.595,0.47,0.135,0.964,0.3685,0.2355,0.295,13
1633,M,0.545,0.43,0.125,0.78,0.3275,0.159,0.175,11
1634,M,0.545,0.43,0.14,0.7895,0.3245,0.1695,0.22,1
1635,F,0.62,0.49,0.16,1.2205,0.531,0.2675,0.3075,9
1636,I,0.31,0.225,0.075,0.1315,0.066,0.024,0.036,7
1637,M,0.39,0.305,0.1,0.2745,0.1125,0.074,0.0875,8
1638,F,0.685,0.53,0.195,1.8285,0.939,0.3725,0.4095,8
1639,M,0.565,0.455,0.15,1.1285,0.4465,0.2065,0.32,15
1640,M,0.685,0.52,0.19,1.67,0.6965,0.3695,0.48,10
1641,F,0.54,0.425,0.15,0.7665,0.2845,0.173,0.245,9
1642,I,0.3,0.23,0.09,0.127,0.052,0.042,0.04,6
1643,M,0.44,0.335,0.115,0.4465,0.2165,0.0835,0.1,8
1644,I,0.265,0.2,0.065,0.1435,0.0565,0.0205,0.03,6
1645,I,0.51,0.385,0.115,0.6335,0.3245,0.1385,0.1535,8
1646,M,0.615,0.51,0.22,1.613,0.5135,0.261,0.47,16
1647,I,0.375,0.285,0.085,0.237,0.108,0.0405,0.07,7
1648,I,0.4,0.3,0.105,0.368,0.1575,0.0705,0.105,8
1649,M,0.625,0.47,0.175,1.1255,0.4985,0.1875,0.3135,10
1650,F,0.645,0.475,0.165,1.5105,0.7155,0.3325,0.3925,10
1651,I,0.25,0.18,0.065,0.039,0.02,0.01,0.02,4
1652,F,0.53,0.42,0.145,0.7155,0.2915,0.1725,0.2105,10
1653,I,0.37,0.275,0.09,0.2,0.096,0.056,0.0535,6
1654,M,0.56,0.415,0.14,0.7385,0.3165,0.1715,0.238,10
1655,F,0.66,0.525,0.17,1.5265,0.4965,0.347,0.37,18
1656,M,0.57,0.43,0.14,0.97,0.3185,0.2125,0.3,16
1657,F,0.565,0.45,0.14,0.906,0.3395,0.2225,0.26,15
1658,I,0.17,0.125,0.04,0.024,0.0095,0.0065,0.005,5
1659,I,0.425,0.325,0.13,0.3555,0.1305,0.059,0.105,11
1660,M,0.475,0.35,0.115,0.501,0.242,0.09,0.145,12
1661,F,0.58,0.47,0.18,1.073,0.4095,0.2325,0.355,10
1662,I,0.525,0.41,0.14,0.7845,0.362,0.157,0.1945,9
1663,F,0.665,0.525,0.195,1.3525,0.5105,0.3525,0.415,13
1664,M,0.675,0.525,0.2,1.742,0.8155,0.407,0.4525,11
1665,M,0.625,0.48,0.16,1.1115,0.4895,0.2555,0.3325,11
1666,F,0.525,0.4,0.12,0.6275,0.246,0.131,0.205,9
1667,F,0.615,0.475,0.17,1.3385,0.6805,0.2895,0.32,9
1668,F,0.525,0.405,0.15,0.7835,0.312,0.1705,0.249,9
1669,I,0.415,0.31,0.09,0.3415,0.1645,0.06,0.095,7
1670,I,0.475,0.355,0.12,0.4965,0.21,0.102,0.1375,8
1671,M,0.65,0.535,0.17,1.2695,0.63,0.2675,0.344,9
1672,I,0.255,0.19,0.075,0.083,0.0295,0.0215,0.025,5
1673,F,0.575,0.48,0.17,1.0225,0.4605,0.2025,0.248,8
1674,I,0.575,0.45,0.15,0.898,0.3795,0.2145,0.2475,10
1675,I,0.56,0.425,0.145,0.797,0.33,0.13,0.245,9
1676,I,0.515,0.455,0.165,0.812,0.3675,0.156,0.24,8
1677,F,0.625,0.455,0.17,1.1935,0.4335,0.2575,0.37,13
1678,I,0.37,0.28,0.1,0.2295,0.096,0.063,0.0835,7
1679,M,0.595,0.455,0.16,1.0425,0.4915,0.2385,0.2755,9
1680,I,0.25,0.19,0.065,0.0805,0.0475,0.0185,0.0215,5
1681,F,0.585,0.47,0.165,0.9995,0.405,0.1985,0.3,10
1682,M,0.46,0.35,0.11,0.386,0.1865,0.0585,0.1275,9
1683,I,0.59,0.46,0.15,1.0385,0.4885,0.2165,0.2765,10
1684,M,0.655,0.51,0.165,1.238,0.5315,0.296,0.41,9
1685,I,0.31,0.225,0.075,0.14,0.0565,0.0265,0.044,5
1686,M,0.58,0.445,0.145,0.848,0.415,0.1685,0.2185,8
